{"stats":{"minecraft:killed":{"minecraft:spider":2,"minecraft:skeleton":8,"minecraft:creeper":4,"minecraft:squid":1,"minecraft:zombie":5,"minecraft:cow":2},"minecraft:custom":{"minecraft:mob_kills":22,"minecraft:animals_bred":1,"minecraft:interact_with_crafting_table":67,"minecraft:interact_with_campfire":5,"minecraft:leave_game":4,"minecraft:time_since_death":161816,"minecraft:sprint_one_cm":592921,"minecraft:walk_one_cm":488990,"minecraft:damage_blocked_by_shield":455,"minecraft:drop":9,"minecraft:talked_to_villager":60,"minecraft:play_time":161816,"minecraft:sneak_time":3252,"minecraft:walk_under_water_one_cm":12897,"minecraft:boat_one_cm":48297,"minecraft:jump":1771,"minecraft:interact_with_blast_furnace":19,"minecraft:walk_on_water_one_cm":12963,"minecraft:total_world_time":161816,"minecraft:interact_with_furnace":21,"minecraft:traded_with_villager":18,"minecraft:interact_with_stonecutter":9,"minecraft:sleep_in_bed":7,"minecraft:time_since_rest":9098,"minecraft:damage_taken":481,"minecraft:damage_dealt":3581,"minecraft:swim_one_cm":27711,"minecraft:fly_one_cm":433792,"minecraft:open_chest":28,"minecraft:crouch_one_cm":5089,"minecraft:interact_with_smoker":2,"minecraft:fall_one_cm":27602},"minecraft:crafted":{"minecraft:oak_planks":248,"minecraft:smooth_stone":3,"minecraft:fishing_rod":1,"minecraft:iron_nugget":9,"minecraft:furnace":2,"minecraft:blast_furnace":1,"minecraft:stone":3,"minecraft:oak_trapdoor":8,"minecraft:lantern":1,"minecraft:iron_boots":1,"minecraft:bow":1,"minecraft:iron_axe":2,"minecraft:stone_pickaxe":1,"minecraft:cobblestone_wall":6,"minecraft:chest":1,"minecraft:stone_hoe":1,"minecraft:smoker":1,"minecraft:wheat":54,"minecraft:emerald":16,"minecraft:crafting_table":1,"minecraft:iron_helmet":1,"minecraft:wooden_pickaxe":1,"minecraft:fletching_table":1,"minecraft:bucket":1,"minecraft:birch_planks":100,"minecraft:campfire":1,"minecraft:stone_axe":1,"minecraft:bread":19,"minecraft:air":0,"minecraft:oak_fence_gate":4,"minecraft:oak_boat":1,"minecraft:iron_chestplate":1,"minecraft:shield":1,"minecraft:stick":580,"minecraft:iron_ingot":69,"minecraft:iron_pickaxe":2,"minecraft:stone_sword":1,"minecraft:iron_shovel":1,"minecraft:iron_leggings":1,"minecraft:torch":84},"minecraft:broken":{"minecraft:stone_pickaxe":1,"minecraft:stone_axe":1,"minecraft:iron_pickaxe":1},"minecraft:dropped":{"minecraft:wheat_seeds":7,"minecraft:granite":4,"minecraft:iron_axe":1,"minecraft:gravel":1,"minecraft:rotten_flesh":4,"minecraft:gunpowder":2},"minecraft:mined":{"minecraft:oak_sapling":1,"minecraft:cobblestone_stairs":9,"minecraft:granite":4,"minecraft:grass_block":5,"minecraft:hay_block":34,"minecraft:oak_trapdoor":3,"minecraft:carrots":16,"minecraft:furnace":3,"minecraft:iron_ore":79,"minecraft:andesite":1,"minecraft:fletching_table":3,"minecraft:potatoes":8,"minecraft:cobblestone_slab":4,"minecraft:rail":23,"minecraft:stone":208,"minecraft:smithing_table":1,"minecraft:smoker":11,"minecraft:crafting_table":9,"minecraft:oak_fence":18,"minecraft:torch":21,"minecraft:short_grass":85,"minecraft:blast_furnace":4,"minecraft:chest":1,"minecraft:cobblestone":51,"minecraft:tall_grass":20,"minecraft:copper_ore":8,"minecraft:oak_planks":42,"minecraft:sugar_cane":28,"minecraft:wall_torch":19,"minecraft:cobblestone_wall":5,"minecraft:birch_log":25,"minecraft:wheat":46,"minecraft:oak_log":65,"minecraft:coal_ore":187,"minecraft:beetroots":4,"minecraft:oak_fence_gate":1,"minecraft:gravel":16,"minecraft:dirt":4,"minecraft:cobweb":33,"minecraft:stonecutter":2,"minecraft:oak_leaves":5},"minecraft:used":{"minecraft:oak_trapdoor":11,"minecraft:oak_fence":12,"minecraft:stone_sword":39,"minecraft:iron_shovel":15,"minecraft:chest":1,"minecraft:shield":16,"minecraft:stone_hoe":3,"minecraft:torch":122,"minecraft:dirt":7,"minecraft:cobblestone_wall":10,"minecraft:carrot":42,"minecraft:oak_fence_gate":5,"minecraft:lantern":1,"minecraft:iron_axe":93,"minecraft:bow":1,"minecraft:oak_sapling":8,"minecraft:furnace":3,"minecraft:beetroot_seeds":11,"minecraft:cooked_beef":5,"minecraft:potato":6,"minecraft:wheat_seeds":69,"minecraft:water_bucket":10,"minecraft:cobblestone_stairs":28,"minecraft:stone_pickaxe":135,"minecraft:wooden_pickaxe":27,"minecraft:fletching_table":4,"minecraft:stonecutter":1,"minecraft:sugar_cane":21,"minecraft:cobblestone_slab":41,"minecraft:crafting_table":10,"minecraft:blast_furnace":5,"minecraft:campfire":1,"minecraft:smoker":11,"minecraft:apple":1,"minecraft:bread":16,"minecraft:iron_pickaxe":446,"minecraft:gravel":12,"minecraft:stone_axe":138,"minecraft:fishing_rod":5,"minecraft:cobblestone":146,"minecraft:smithing_table":1,"minecraft:bucket":11,"minecraft:oak_boat":8,"minecraft:bone_meal":1},"minecraft:picked_up":{"minecraft:crafting_table":9,"minecraft:wheat":28,"minecraft:smithing_table":1,"minecraft:oak_trapdoor":3,"minecraft:string":32,"minecraft:raw_copper":26,"minecraft:beetroot":4,"minecraft:beef":5,"minecraft:oak_boat":8,"minecraft:cobblestone_slab":4,"minecraft:sugar_cane":41,"minecraft:chest":1,"minecraft:furnace":3,"minecraft:stick":2,"minecraft:raw_iron":79,"minecraft:oak_fence":18,"minecraft:torch":42,"minecraft:carrot":53,"minecraft:arrow":7,"minecraft:rotten_flesh":5,"minecraft:beetroot_seeds":11,"minecraft:hay_block":34,"minecraft:cobblestone":260,"minecraft:rail":22,"minecraft:birch_log":25,"minecraft:cooked_beef":5,"minecraft:leather":1,"minecraft:smoker":11,"minecraft:potato":24,"minecraft:flint":2,"minecraft:oak_log":69,"minecraft:cobblestone_wall":5,"minecraft:gunpowder":6,"minecraft:cobblestone_stairs":9,"minecraft:dirt":9,"minecraft:bone":7,"minecraft:apple":3,"minecraft:stonecutter":2,"minecraft:wheat_seeds":111,"minecraft:oak_fence_gate":1,"minecraft:fletching_table":3,"minecraft:oak_planks":42,"minecraft:gravel":13,"minecraft:ink_sac":3,"minecraft:blast_furnace":4,"minecraft:spider_eye":1,"minecraft:granite":4,"minecraft:bone_meal":1,"minecraft:oak_sapling":14,"minecraft:coal":196}},"DataVersion":3955}