{"stats":{"minecraft:killed":{"minecraft:witch":1,"minecraft:spider":19,"minecraft:skeleton":46,"minecraft:magma_cube":15,"minecraft:piglin":1,"minecraft:pig":22,"minecraft:zombie_villager":3,"minecraft:creeper":32,"minecraft:zombie":76,"minecraft:ghast":1,"minecraft:blaze":22,"minecraft:cow":2,"minecraft:drowned":12,"minecraft:bat":1,"minecraft:squid":1,"minecraft:wither_skeleton":3},"minecraft:custom":{"minecraft:animals_bred":38,"minecraft:interact_with_crafting_table":129,"minecraft:leave_game":8,"minecraft:time_since_death":510609,"minecraft:sprint_one_cm":1990846,"minecraft:damage_blocked_by_shield":2962,"minecraft:drop":157,"minecraft:talked_to_villager":122,"minecraft:play_time":510609,"minecraft:jump":6548,"minecraft:walk_on_water_one_cm":93884,"minecraft:interact_with_furnace":29,"minecraft:traded_with_villager":83,"minecraft:interact_with_cartography_table":2,"minecraft:sleep_in_bed":16,"minecraft:damage_dealt":40218,"minecraft:player_kills":1,"minecraft:crouch_one_cm":26347,"minecraft:interact_with_smoker":7,"minecraft:interact_with_smithing_table":1,"minecraft:mob_kills":258,"minecraft:interact_with_anvil":6,"minecraft:interact_with_campfire":5,"minecraft:walk_one_cm":1315176,"minecraft:sneak_time":19049,"minecraft:walk_under_water_one_cm":129069,"minecraft:boat_one_cm":51195,"minecraft:interact_with_blast_furnace":37,"minecraft:total_world_time":510609,"minecraft:interact_with_stonecutter":13,"minecraft:time_since_rest":73144,"minecraft:damage_taken":5201,"minecraft:swim_one_cm":404940,"minecraft:fly_one_cm":1358732,"minecraft:open_chest":248,"minecraft:fall_one_cm":122983},"minecraft:crafted":{"minecraft:brick":10,"minecraft:smooth_stone":6,"minecraft:oak_planks":392,"minecraft:oak_sign":3,"minecraft:chain":2,"minecraft:stone":6,"minecraft:bow":3,"minecraft:iron_boots":3,"minecraft:chest":9,"minecraft:bricks":2,"minecraft:stone_hoe":1,"minecraft:golden_boots":1,"minecraft:smoker":1,"minecraft:item_frame":1,"minecraft:arrow":64,"minecraft:emerald":53,"minecraft:cooked_porkchop":85,"minecraft:map":1,"minecraft:crafting_table":4,"minecraft:iron_helmet":2,"minecraft:wooden_pickaxe":1,"minecraft:copper_ingot":26,"minecraft:fletching_table":1,"minecraft:birch_planks":100,"minecraft:campfire":1,"minecraft:cartography_table":1,"minecraft:iron_chestplate":2,"minecraft:paper":12,"minecraft:diamond_pickaxe":1,"minecraft:shield":2,"minecraft:stick":824,"minecraft:iron_pickaxe":6,"minecraft:iron_ingot":166,"minecraft:compass":1,"minecraft:stone_sword":1,"minecraft:gold_ingot":67,"minecraft:oak_door":3,"minecraft:rabbit_stew":4,"minecraft:fishing_rod":1,"minecraft:iron_nugget":63,"minecraft:spyglass":2,"minecraft:diamond_hoe":1,"minecraft:furnace":4,"minecraft:blast_furnace":1,"minecraft:bone_meal":93,"minecraft:oak_trapdoor":8,"minecraft:flint_and_steel":1,"minecraft:lantern":6,"minecraft:iron_axe":6,"minecraft:stone_pickaxe":1,"minecraft:cobblestone_wall":6,"minecraft:wheat":298,"minecraft:coal_block":1,"minecraft:crossbow":1,"minecraft:iron_sword":2,"minecraft:bucket":1,"minecraft:stone_axe":1,"minecraft:bread":102,"minecraft:air":0,"minecraft:oak_fence_gate":4,"minecraft:oak_boat":1,"minecraft:iron_shovel":1,"minecraft:iron_leggings":3,"minecraft:armor_stand":1,"minecraft:torch":180},"minecraft:broken":{"minecraft:stone_pickaxe":1,"minecraft:stone_axe":1,"minecraft:iron_sword":1,"minecraft:iron_pickaxe":3,"minecraft:iron_helmet":1},"minecraft:dropped":{"minecraft:soul_sand":14,"minecraft:oak_log":1,"minecraft:golden_pickaxe":1,"minecraft:cooked_porkchop":32,"minecraft:lantern":1,"minecraft:sand":3,"minecraft:iron_pickaxe":2,"minecraft:bone":3,"minecraft:gravel":1,"minecraft:spyglass":2,"minecraft:iron_nugget":2,"minecraft:cobbled_deepslate":34,"minecraft:wheat":2,"minecraft:rotten_flesh":57,"minecraft:oak_planks":131,"minecraft:gunpowder":12,"minecraft:arrow":31,"minecraft:netherrack":3,"minecraft:iron_ingot":47,"minecraft:water_bucket":1,"minecraft:bread":18,"minecraft:wheat_seeds":15,"minecraft:iron_helmet":2,"minecraft:feather":2,"minecraft:golden_axe":1,"minecraft:granite":4,"minecraft:diorite":1,"minecraft:ink_sac":2,"minecraft:torch":47,"minecraft:iron_leggings":1,"minecraft:iron_axe":2,"minecraft:string":1,"minecraft:dandelion":1,"minecraft:redstone":6,"minecraft:soul_soil":14,"minecraft:diamond_hoe":2,"minecraft:iron_boots":1,"minecraft:potato":2,"minecraft:hay_block":3,"minecraft:shield":2,"minecraft:spider_eye":4,"minecraft:rabbit_stew":2,"minecraft:bow":2},"minecraft:mined":{"minecraft:large_amethyst_bud":2,"minecraft:oak_sapling":1,"minecraft:cobblestone_stairs":9,"minecraft:obsidian":21,"minecraft:granite":5,"minecraft:grass_block":44,"minecraft:oak_wall_sign":3,"minecraft:nether_wart":20,"minecraft:magma_block":4,"minecraft:glowstone":18,"minecraft:fire":19,"minecraft:iron_ore":134,"minecraft:cobbled_deepslate":18,"minecraft:fletching_table":3,"minecraft:deepslate_lapis_ore":13,"minecraft:oak_sign":1,"minecraft:deepslate_redstone_ore":13,"minecraft:brown_mushroom":16,"minecraft:medium_amethyst_bud":1,"minecraft:smoker":15,"minecraft:soul_fire":7,"minecraft:amethyst_cluster":6,"minecraft:clay":29,"minecraft:torch":46,"minecraft:blast_furnace":4,"minecraft:chest":4,"minecraft:nether_quartz_ore":3,"minecraft:cobblestone":65,"minecraft:oak_planks":89,"minecraft:sugar_cane":108,"minecraft:wall_torch":31,"minecraft:amethyst_block":1,"minecraft:deepslate_copper_ore":1,"minecraft:chain":2,"minecraft:wheat":53,"minecraft:birch_log":25,"minecraft:oak_log":129,"minecraft:beetroots":7,"minecraft:oak_fence_gate":1,"minecraft:dirt":25,"minecraft:stonecutter":3,"minecraft:netherrack":49,"minecraft:oak_leaves":7,"minecraft:deepslate":111,"minecraft:tuff":1,"minecraft:deepslate_diamond_ore":30,"minecraft:oak_door":5,"minecraft:cartography_table":1,"minecraft:hay_block":46,"minecraft:oak_trapdoor":3,"minecraft:furnace":4,"minecraft:carrots":67,"minecraft:andesite":5,"minecraft:potatoes":8,"minecraft:deepslate_iron_ore":76,"minecraft:cobblestone_slab":5,"minecraft:rail":55,"minecraft:stone":249,"minecraft:smithing_table":1,"minecraft:soul_sand":13,"minecraft:oak_fence":36,"minecraft:crafting_table":12,"minecraft:short_grass":98,"minecraft:tall_grass":20,"minecraft:copper_ore":8,"minecraft:lapis_ore":6,"minecraft:deepslate_gold_ore":85,"minecraft:diorite":1,"minecraft:cobblestone_wall":5,"minecraft:coal_ore":296,"minecraft:gravel":81,"minecraft:cobweb":55,"minecraft:gold_ore":15},"minecraft:used":{"minecraft:iron_shovel":173,"minecraft:diamond_hoe":13,"minecraft:oak_sign":5,"minecraft:chest":13,"minecraft:shield":98,"minecraft:iron_sword":322,"minecraft:rotten_flesh":8,"minecraft:carrot":104,"minecraft:tuff":1,"minecraft:obsidian":11,"minecraft:lantern":6,"minecraft:item_frame":1,"minecraft:rabbit_stew":1,"minecraft:bow":58,"minecraft:magma_block":2,"minecraft:furnace":6,"minecraft:oak_sapling":23,"minecraft:beetroot_seeds":11,"minecraft:potato":6,"minecraft:stone_pickaxe":135,"minecraft:oak_planks":6,"minecraft:wooden_pickaxe":27,"minecraft:sugar_cane":26,"minecraft:blast_furnace":5,"minecraft:crossbow":23,"minecraft:bread":111,"minecraft:string":1,"minecraft:gravel":19,"minecraft:smithing_table":1,"minecraft:chain":4,"minecraft:oak_boat":9,"minecraft:bone_meal":87,"minecraft:oak_trapdoor":11,"minecraft:oak_fence":23,"minecraft:stone_sword":51,"minecraft:flint_and_steel":1,"minecraft:armor_stand":2,"minecraft:stone_hoe":44,"minecraft:netherrack":36,"minecraft:oak_door":8,"minecraft:torch":302,"minecraft:dirt":27,"minecraft:spyglass":25,"minecraft:cobblestone_wall":10,"minecraft:oak_fence_gate":5,"minecraft:iron_axe":492,"minecraft:cooked_beef":5,"minecraft:cobbled_deepslate":93,"minecraft:wheat_seeds":87,"minecraft:water_bucket":25,"minecraft:cobblestone_stairs":32,"minecraft:cartography_table":2,"minecraft:fletching_table":4,"minecraft:stonecutter":3,"minecraft:cobblestone_slab":42,"minecraft:crafting_table":16,"minecraft:campfire":1,"minecraft:smoker":16,"minecraft:diamond_pickaxe":22,"minecraft:apple":1,"minecraft:iron_pickaxe":1170,"minecraft:map":1,"minecraft:stone_axe":138,"minecraft:fishing_rod":5,"minecraft:cobblestone":210,"minecraft:cooked_porkchop":17,"minecraft:bucket":26},"minecraft:picked_up":{"minecraft:wooden_axe":1,"minecraft:iron_chestplate":3,"minecraft:wheat":46,"minecraft:smithing_table":1,"minecraft:amethyst_block":1,"minecraft:string":89,"minecraft:soul_soil":29,"minecraft:raw_copper":28,"minecraft:iron_leggings":2,"minecraft:armor_stand":1,"minecraft:oak_sign":4,"minecraft:beetroot":4,"minecraft:gold_nugget":20,"minecraft:cobbled_deepslate":163,"minecraft:cobblestone_slab":5,"minecraft:iron_pickaxe":2,"minecraft:iron_boots":3,"minecraft:furnace":5,"minecraft:stick":15,"minecraft:oak_fence":36,"minecraft:torch":186,"minecraft:porkchop":46,"minecraft:golden_axe":2,"minecraft:diorite":3,"minecraft:rotten_flesh":87,"minecraft:blaze_rod":13,"minecraft:obsidian":21,"minecraft:cobblestone":387,"minecraft:birch_log":25,"minecraft:magma_block":4,"minecraft:feather":1,"minecraft:cooked_beef":5,"minecraft:water_bucket":1,"minecraft:andesite":4,"minecraft:potato":26,"minecraft:smoker":17,"minecraft:flint":9,"minecraft:tuff":2,"minecraft:lapis_lazuli":126,"minecraft:dirt":85,"minecraft:lantern":1,"minecraft:bone":75,"minecraft:bow":5,"minecraft:stonecutter":3,"minecraft:wheat_seeds":134,"minecraft:raw_gold":175,"minecraft:fletching_table":3,"minecraft:glowstone_dust":51,"minecraft:oak_planks":370,"minecraft:stone_hoe":1,"minecraft:sand":3,"minecraft:ink_sac":6,"minecraft:diamond":43,"minecraft:granite":4,"minecraft:bone_meal":2,"minecraft:bread":83,"minecraft:oak_sapling":29,"minecraft:netherrack":48,"minecraft:crafting_table":14,"minecraft:nether_wart":23,"minecraft:clay_ball":116,"minecraft:rabbit_stew":4,"minecraft:golden_pickaxe":4,"minecraft:brown_mushroom":15,"minecraft:chain":2,"minecraft:shield":2,"minecraft:oak_trapdoor":3,"minecraft:iron_axe":1,"minecraft:compass":5,"minecraft:cartography_table":1,"minecraft:beef":5,"minecraft:oak_boat":9,"minecraft:iron_nugget":1,"minecraft:sugar_cane":180,"minecraft:chest":4,"minecraft:diamond_hoe":3,"minecraft:raw_iron":213,"minecraft:oak_door":5,"minecraft:copper_ingot":1,"minecraft:carrot":207,"minecraft:redstone":285,"minecraft:arrow":41,"minecraft:stone_shovel":3,"minecraft:beetroot_seeds":19,"minecraft:hay_block":49,"minecraft:rail":55,"minecraft:clock":1,"minecraft:glow_ink_sac":5,"minecraft:leather":1,"minecraft:oak_log":150,"minecraft:cobblestone_stairs":9,"minecraft:cobblestone_wall":5,"minecraft:gunpowder":55,"minecraft:apple":5,"minecraft:iron_ingot":40,"minecraft:oak_fence_gate":1,"minecraft:soul_sand":35,"minecraft:iron_sword":1,"minecraft:quartz":3,"minecraft:dandelion":1,"minecraft:spyglass":2,"minecraft:gravel":78,"minecraft:amethyst_shard":26,"minecraft:blast_furnace":5,"minecraft:spider_eye":8,"minecraft:iron_helmet":4,"minecraft:coal":325,"minecraft:ender_pearl":1}},"DataVersion":3955}