{"stats":{"minecraft:mined":{"minecraft:oak_fence":18,"minecraft:crafting_table":5,"minecraft:torch":11,"minecraft:granite":4,"minecraft:short_grass":13,"minecraft:grass_block":4,"minecraft:tall_grass":20,"minecraft:copper_ore":8,"minecraft:sugar_cane":5,"minecraft:oak_planks":42,"minecraft:wall_torch":4,"minecraft:hay_block":34,"minecraft:furnace":1,"minecraft:iron_ore":28,"minecraft:oak_log":27,"minecraft:coal_ore":26,"minecraft:beetroots":1,"minecraft:rail":23,"minecraft:gravel":2,"minecraft:dirt":3,"minecraft:cobweb":33,"minecraft:stone":100,"minecraft:oak_leaves":3},"minecraft:custom":{"minecraft:interact_with_furnace":3,"minecraft:mob_kills":4,"minecraft:interact_with_crafting_table":13,"minecraft:interact_with_campfire":5,"minecraft:time_since_death":29961,"minecraft:sleep_in_bed":1,"minecraft:time_since_rest":19875,"minecraft:sprint_one_cm":119103,"minecraft:damage_taken":103,"minecraft:walk_one_cm":87012,"minecraft:damage_dealt":620,"minecraft:swim_one_cm":3948,"minecraft:talked_to_villager":1,"minecraft:fly_one_cm":67016,"minecraft:crouch_one_cm":2811,"minecraft:play_time":29961,"minecraft:sneak_time":1362,"minecraft:walk_under_water_one_cm":1407,"minecraft:jump":336,"minecraft:walk_on_water_one_cm":3246,"minecraft:total_world_time":29961,"minecraft:fall_one_cm":4810},"minecraft:killed":{"minecraft:skeleton":1,"minecraft:zombie":1,"minecraft:cow":2},"minecraft:picked_up":{"minecraft:crafting_table":5,"minecraft:cooked_beef":5,"minecraft:leather":1,"minecraft:oak_log":27,"minecraft:string":32,"minecraft:dirt":7,"minecraft:raw_copper":26,"minecraft:bone":1,"minecraft:apple":1,"minecraft:beetroot":1,"minecraft:wheat_seeds":7,"minecraft:beef":5,"minecraft:sugar_cane":12,"minecraft:oak_planks":42,"minecraft:furnace":1,"minecraft:stick":1,"minecraft:raw_iron":28,"minecraft:oak_fence":18,"minecraft:torch":16,"minecraft:gravel":1,"minecraft:rotten_flesh":1,"minecraft:beetroot_seeds":3,"minecraft:hay_block":34,"minecraft:granite":4,"minecraft:oak_sapling":2,"minecraft:coal":26,"minecraft:rail":22,"minecraft:cobblestone":101},"minecraft:used":{"minecraft:oak_fence":8,"minecraft:stone_sword":33,"minecraft:stone_pickaxe":124,"minecraft:wooden_pickaxe":27,"minecraft:torch":60,"minecraft:dirt":7,"minecraft:crafting_table":5,"minecraft:campfire":1,"minecraft:apple":1,"minecraft:bread":4,"minecraft:iron_pickaxe":44,"minecraft:stone_axe":121,"minecraft:cobblestone":11,"minecraft:furnace":1,"minecraft:beetroot_seeds":1},"minecraft:crafted":{"minecraft:oak_planks":64,"minecraft:crafting_table":1,"minecraft:wooden_pickaxe":1,"minecraft:furnace":1,"minecraft:campfire":1,"minecraft:stone_axe":1,"minecraft:bread":9,"minecraft:air":0,"minecraft:shield":1,"minecraft:stick":24,"minecraft:iron_ingot":4,"minecraft:iron_pickaxe":1,"minecraft:stone_pickaxe":1,"minecraft:stone_sword":1,"minecraft:torch":44,"minecraft:wheat":27}},"DataVersion":3955}