{"stats":{"minecraft:mined":{"minecraft:hay_block":34,"minecraft:iron_ore":4,"minecraft:torch":4,"minecraft:crafting_table":3,"minecraft:short_grass":13,"minecraft:coal_ore":26,"minecraft:grass_block":4,"minecraft:oak_log":27,"minecraft:beetroots":1,"minecraft:dirt":3,"minecraft:copper_ore":8,"minecraft:tall_grass":20,"minecraft:stone":90,"minecraft:sugar_cane":5,"minecraft:wall_torch":1,"minecraft:oak_leaves":3},"minecraft:custom":{"minecraft:time_since_rest":7875,"minecraft:sprint_one_cm":81917,"minecraft:damage_taken":93,"minecraft:walk_one_cm":40685,"minecraft:mob_kills":4,"minecraft:damage_dealt":620,"minecraft:talked_to_villager":1,"minecraft:swim_one_cm":3948,"minecraft:interact_with_crafting_table":5,"minecraft:fly_one_cm":61556,"minecraft:crouch_one_cm":897,"minecraft:play_time":17961,"minecraft:interact_with_campfire":4,"minecraft:sneak_time":648,"minecraft:walk_under_water_one_cm":1407,"minecraft:jump":285,"minecraft:time_since_death":17961,"minecraft:walk_on_water_one_cm":3246,"minecraft:sleep_in_bed":1,"minecraft:total_world_time":17961,"minecraft:fall_one_cm":4332},"minecraft:killed":{"minecraft:skeleton":1,"minecraft:zombie":1,"minecraft:cow":2},"minecraft:used":{"minecraft:apple":1,"minecraft:bread":3,"minecraft:stone_pickaxe":103,"minecraft:wooden_pickaxe":27,"minecraft:torch":17,"minecraft:stone_axe":58,"minecraft:dirt":7,"minecraft:crafting_table":4,"minecraft:beetroot_seeds":1,"minecraft:campfire":1},"minecraft:picked_up":{"minecraft:raw_iron":4,"minecraft:crafting_table":3,"minecraft:stick":1,"minecraft:leather":1,"minecraft:torch":5,"minecraft:oak_log":27,"minecraft:dirt":7,"minecraft:raw_copper":26,"minecraft:beetroot":1,"minecraft:bone":1,"minecraft:apple":1,"minecraft:beetroot_seeds":3,"minecraft:wheat_seeds":7,"minecraft:hay_block":34,"minecraft:beef":5,"minecraft:oak_sapling":2,"minecraft:sugar_cane":12,"minecraft:coal":26,"minecraft:cobblestone":90},"minecraft:crafted":{"minecraft:oak_planks":64,"minecraft:crafting_table":1,"minecraft:stick":20,"minecraft:wooden_pickaxe":1,"minecraft:stone_pickaxe":1,"minecraft:torch":44,"minecraft:campfire":1,"minecraft:stone_axe":1,"minecraft:bread":4,"minecraft:wheat":27}},"DataVersion":3955}