{"stats":{"minecraft:killed":{"minecraft:creeper":1,"minecraft:skeleton":2,"minecraft:zombie":2,"minecraft:cow":2},"minecraft:custom":{"minecraft:interact_with_furnace":21,"minecraft:mob_kills":7,"minecraft:interact_with_crafting_table":16,"minecraft:interact_with_campfire":5,"minecraft:time_since_death":41914,"minecraft:sleep_in_bed":1,"minecraft:time_since_rest":31828,"minecraft:sprint_one_cm":150311,"minecraft:damage_taken":228,"minecraft:walk_one_cm":115093,"minecraft:damage_blocked_by_shield":50,"minecraft:damage_dealt":1060,"minecraft:talked_to_villager":1,"minecraft:swim_one_cm":3948,"minecraft:fly_one_cm":73911,"minecraft:crouch_one_cm":3308,"minecraft:play_time":41914,"minecraft:sneak_time":1687,"minecraft:walk_under_water_one_cm":1407,"minecraft:jump":400,"minecraft:interact_with_blast_furnace":4,"minecraft:walk_on_water_one_cm":3246,"minecraft:total_world_time":41914,"minecraft:fall_one_cm":4810},"minecraft:crafted":{"minecraft:smooth_stone":3,"minecraft:oak_planks":64,"minecraft:crafting_table":1,"minecraft:wooden_pickaxe":1,"minecraft:furnace":2,"minecraft:blast_furnace":1,"minecraft:stone":3,"minecraft:campfire":1,"minecraft:stone_axe":1,"minecraft:bread":9,"minecraft:air":0,"minecraft:shield":1,"minecraft:stick":32,"minecraft:iron_ingot":13,"minecraft:iron_pickaxe":1,"minecraft:stone_pickaxe":1,"minecraft:stone_sword":1,"minecraft:torch":84,"minecraft:wheat":27},"minecraft:mined":{"minecraft:oak_fence":18,"minecraft:crafting_table":5,"minecraft:torch":12,"minecraft:granite":4,"minecraft:short_grass":13,"minecraft:grass_block":4,"minecraft:copper_ore":8,"minecraft:tall_grass":20,"minecraft:oak_planks":42,"minecraft:sugar_cane":5,"minecraft:wall_torch":10,"minecraft:hay_block":34,"minecraft:furnace":3,"minecraft:iron_ore":59,"minecraft:oak_log":27,"minecraft:coal_ore":80,"minecraft:beetroots":1,"minecraft:rail":23,"minecraft:gravel":2,"minecraft:dirt":4,"minecraft:cobweb":33,"minecraft:stone":110,"minecraft:oak_leaves":3},"minecraft:used":{"minecraft:oak_fence":12,"minecraft:stone_sword":33,"minecraft:stone_pickaxe":126,"minecraft:wooden_pickaxe":27,"minecraft:shield":2,"minecraft:torch":88,"minecraft:dirt":7,"minecraft:crafting_table":6,"minecraft:blast_furnace":1,"minecraft:campfire":1,"minecraft:apple":1,"minecraft:bread":6,"minecraft:iron_pickaxe":142,"minecraft:stone_axe":126,"minecraft:cobblestone":11,"minecraft:furnace":3,"minecraft:beetroot_seeds":1,"minecraft:cooked_beef":1},"minecraft:picked_up":{"minecraft:crafting_table":5,"minecraft:cooked_beef":5,"minecraft:leather":1,"minecraft:oak_log":27,"minecraft:dirt":8,"minecraft:string":32,"minecraft:raw_copper":26,"minecraft:bone":3,"minecraft:beetroot":1,"minecraft:apple":1,"minecraft:wheat_seeds":7,"minecraft:beef":5,"minecraft:sugar_cane":12,"minecraft:oak_planks":42,"minecraft:furnace":3,"minecraft:stick":1,"minecraft:raw_iron":59,"minecraft:oak_fence":18,"minecraft:torch":24,"minecraft:gravel":1,"minecraft:arrow":2,"minecraft:rotten_flesh":1,"minecraft:beetroot_seeds":3,"minecraft:hay_block":34,"minecraft:granite":4,"minecraft:oak_sapling":2,"minecraft:coal":80,"minecraft:cobblestone":111,"minecraft:rail":22}},"DataVersion":3955}