{"stats":{"minecraft:killed":{"minecraft:creeper":2,"minecraft:skeleton":6,"minecraft:zombie":4,"minecraft:cow":2},"minecraft:custom":{"minecraft:interact_with_furnace":21,"minecraft:mob_kills":14,"minecraft:interact_with_crafting_table":18,"minecraft:interact_with_campfire":5,"minecraft:time_since_death":53914,"minecraft:sleep_in_bed":2,"minecraft:time_since_rest":196,"minecraft:sprint_one_cm":189144,"minecraft:damage_taken":404,"minecraft:walk_one_cm":143984,"minecraft:damage_blocked_by_shield":280,"minecraft:drop":3,"minecraft:damage_dealt":2230,"minecraft:talked_to_villager":1,"minecraft:swim_one_cm":3948,"minecraft:fly_one_cm":97252,"minecraft:crouch_one_cm":3499,"minecraft:play_time":53914,"minecraft:sneak_time":1848,"minecraft:walk_under_water_one_cm":3078,"minecraft:jump":583,"minecraft:interact_with_blast_furnace":10,"minecraft:walk_on_water_one_cm":3845,"minecraft:total_world_time":53914,"minecraft:fall_one_cm":7707},"minecraft:crafted":{"minecraft:smooth_stone":3,"minecraft:oak_planks":64,"minecraft:crafting_table":1,"minecraft:wooden_pickaxe":1,"minecraft:furnace":2,"minecraft:blast_furnace":1,"minecraft:stone":3,"minecraft:campfire":1,"minecraft:stone_axe":1,"minecraft:bread":9,"minecraft:air":0,"minecraft:shield":1,"minecraft:iron_axe":1,"minecraft:stick":44,"minecraft:iron_ingot":69,"minecraft:iron_pickaxe":1,"minecraft:stone_pickaxe":1,"minecraft:stone_sword":1,"minecraft:torch":84,"minecraft:wheat":27},"minecraft:dropped":{"minecraft:wheat_seeds":7,"minecraft:gunpowder":2},"minecraft:broken":{"minecraft:stone_pickaxe":1},"minecraft:mined":{"minecraft:oak_fence":18,"minecraft:crafting_table":6,"minecraft:torch":17,"minecraft:granite":4,"minecraft:short_grass":13,"minecraft:blast_furnace":1,"minecraft:grass_block":5,"minecraft:copper_ore":8,"minecraft:tall_grass":20,"minecraft:oak_planks":42,"minecraft:sugar_cane":5,"minecraft:wall_torch":15,"minecraft:hay_block":34,"minecraft:furnace":3,"minecraft:iron_ore":69,"minecraft:andesite":1,"minecraft:oak_log":27,"minecraft:coal_ore":135,"minecraft:beetroots":1,"minecraft:rail":23,"minecraft:gravel":2,"minecraft:dirt":4,"minecraft:cobweb":33,"minecraft:stone":125,"minecraft:oak_leaves":3},"minecraft:used":{"minecraft:oak_fence":12,"minecraft:stone_sword":35,"minecraft:stone_pickaxe":135,"minecraft:wooden_pickaxe":27,"minecraft:shield":10,"minecraft:torch":112,"minecraft:dirt":7,"minecraft:crafting_table":6,"minecraft:blast_furnace":2,"minecraft:campfire":1,"minecraft:apple":1,"minecraft:iron_axe":3,"minecraft:bread":7,"minecraft:iron_pickaxe":216,"minecraft:stone_axe":135,"minecraft:cobblestone":22,"minecraft:furnace":3,"minecraft:beetroot_seeds":1,"minecraft:cooked_beef":2},"minecraft:picked_up":{"minecraft:crafting_table":6,"minecraft:cooked_beef":5,"minecraft:leather":1,"minecraft:oak_log":27,"minecraft:gunpowder":2,"minecraft:dirt":9,"minecraft:string":32,"minecraft:raw_copper":26,"minecraft:bone":3,"minecraft:beetroot":1,"minecraft:apple":1,"minecraft:wheat_seeds":7,"minecraft:beef":5,"minecraft:sugar_cane":12,"minecraft:oak_planks":42,"minecraft:furnace":3,"minecraft:stick":1,"minecraft:raw_iron":69,"minecraft:oak_fence":18,"minecraft:torch":34,"minecraft:gravel":1,"minecraft:blast_furnace":1,"minecraft:arrow":3,"minecraft:rotten_flesh":2,"minecraft:beetroot_seeds":3,"minecraft:hay_block":34,"minecraft:granite":4,"minecraft:oak_sapling":2,"minecraft:coal":135,"minecraft:cobblestone":126,"minecraft:rail":22}},"DataVersion":3955}