{"stats":{"minecraft:killed":{"minecraft:creeper":2,"minecraft:skeleton":6,"minecraft:zombie":4,"minecraft:cow":2},"minecraft:custom":{"minecraft:interact_with_furnace":21,"minecraft:mob_kills":14,"minecraft:traded_with_villager":12,"minecraft:interact_with_crafting_table":43,"minecraft:interact_with_campfire":5,"minecraft:leave_game":3,"minecraft:time_since_death":100274,"minecraft:sleep_in_bed":5,"minecraft:time_since_rest":1497,"minecraft:sprint_one_cm":346931,"minecraft:damage_taken":414,"minecraft:walk_one_cm":242045,"minecraft:damage_blocked_by_shield":280,"minecraft:drop":9,"minecraft:damage_dealt":2230,"minecraft:swim_one_cm":24314,"minecraft:talked_to_villager":23,"minecraft:fly_one_cm":253268,"minecraft:open_chest":8,"minecraft:crouch_one_cm":4254,"minecraft:play_time":100274,"minecraft:sneak_time":2541,"minecraft:walk_under_water_one_cm":9475,"minecraft:boat_one_cm":3082,"minecraft:jump":1128,"minecraft:interact_with_blast_furnace":17,"minecraft:walk_on_water_one_cm":9259,"minecraft:total_world_time":100274,"minecraft:fall_one_cm":15374},"minecraft:crafted":{"minecraft:smooth_stone":3,"minecraft:oak_planks":192,"minecraft:emerald":11,"minecraft:crafting_table":1,"minecraft:iron_helmet":1,"minecraft:wooden_pickaxe":1,"minecraft:furnace":2,"minecraft:blast_furnace":1,"minecraft:stone":3,"minecraft:fletching_table":1,"minecraft:bucket":1,"minecraft:birch_planks":100,"minecraft:campfire":1,"minecraft:stone_axe":1,"minecraft:bread":10,"minecraft:air":0,"minecraft:oak_boat":1,"minecraft:iron_chestplate":1,"minecraft:shield":1,"minecraft:iron_axe":2,"minecraft:stick":580,"minecraft:iron_ingot":69,"minecraft:iron_pickaxe":1,"minecraft:stone_pickaxe":1,"minecraft:cobblestone_wall":6,"minecraft:stone_sword":1,"minecraft:chest":1,"minecraft:iron_shovel":1,"minecraft:torch":84,"minecraft:wheat":27,"minecraft:smoker":1},"minecraft:dropped":{"minecraft:gravel":1,"minecraft:wheat_seeds":7,"minecraft:rotten_flesh":4,"minecraft:granite":4,"minecraft:gunpowder":2,"minecraft:iron_axe":1},"minecraft:broken":{"minecraft:stone_pickaxe":1,"minecraft:stone_axe":1},"minecraft:mined":{"minecraft:oak_sapling":1,"minecraft:oak_fence":18,"minecraft:crafting_table":7,"minecraft:torch":17,"minecraft:granite":4,"minecraft:short_grass":83,"minecraft:blast_furnace":4,"minecraft:grass_block":5,"minecraft:tall_grass":20,"minecraft:copper_ore":8,"minecraft:cobblestone":14,"minecraft:sugar_cane":5,"minecraft:oak_planks":42,"minecraft:wall_torch":15,"minecraft:hay_block":34,"minecraft:furnace":3,"minecraft:carrots":2,"minecraft:cobblestone_wall":1,"minecraft:birch_log":25,"minecraft:iron_ore":69,"minecraft:wheat":3,"minecraft:andesite":1,"minecraft:fletching_table":1,"minecraft:coal_ore":135,"minecraft:potatoes":2,"minecraft:oak_log":65,"minecraft:beetroots":2,"minecraft:rail":23,"minecraft:gravel":16,"minecraft:dirt":4,"minecraft:cobweb":33,"minecraft:stone":125,"minecraft:oak_leaves":5},"minecraft:used":{"minecraft:oak_fence":12,"minecraft:wheat_seeds":7,"minecraft:water_bucket":6,"minecraft:stone_sword":35,"minecraft:iron_shovel":12,"minecraft:stone_pickaxe":135,"minecraft:wooden_pickaxe":27,"minecraft:chest":1,"minecraft:shield":10,"minecraft:fletching_table":2,"minecraft:torch":112,"minecraft:dirt":7,"minecraft:crafting_table":8,"minecraft:carrot":2,"minecraft:blast_furnace":5,"minecraft:cobblestone_wall":4,"minecraft:campfire":1,"minecraft:apple":1,"minecraft:bread":9,"minecraft:iron_axe":68,"minecraft:iron_pickaxe":234,"minecraft:gravel":12,"minecraft:stone_axe":138,"minecraft:cobblestone":103,"minecraft:furnace":3,"minecraft:oak_sapling":8,"minecraft:beetroot_seeds":4,"minecraft:bucket":7,"minecraft:oak_boat":1,"minecraft:cooked_beef":5,"minecraft:potato":2},"minecraft:picked_up":{"minecraft:birch_log":25,"minecraft:crafting_table":7,"minecraft:wheat":3,"minecraft:cooked_beef":5,"minecraft:leather":1,"minecraft:potato":7,"minecraft:flint":2,"minecraft:oak_log":69,"minecraft:cobblestone_wall":1,"minecraft:gunpowder":2,"minecraft:string":32,"minecraft:dirt":9,"minecraft:raw_copper":26,"minecraft:bone":3,"minecraft:beetroot":2,"minecraft:apple":3,"minecraft:wheat_seeds":22,"minecraft:beef":5,"minecraft:oak_boat":1,"minecraft:fletching_table":1,"minecraft:sugar_cane":12,"minecraft:oak_planks":42,"minecraft:furnace":3,"minecraft:stick":2,"minecraft:raw_iron":69,"minecraft:oak_fence":18,"minecraft:torch":34,"minecraft:gravel":13,"minecraft:blast_furnace":4,"minecraft:ink_sac":1,"minecraft:carrot":8,"minecraft:arrow":3,"minecraft:rotten_flesh":4,"minecraft:beetroot_seeds":6,"minecraft:hay_block":34,"minecraft:granite":4,"minecraft:oak_sapling":14,"minecraft:coal":135,"minecraft:rail":22,"minecraft:cobblestone":140}},"DataVersion":3955}