{"stats":{"minecraft:killed":{"minecraft:spider":5,"minecraft:skeleton":16,"minecraft:creeper":11,"minecraft:squid":1,"minecraft:zombie":14,"minecraft:cow":2},"minecraft:custom":{"minecraft:mob_kills":49,"minecraft:animals_bred":5,"minecraft:interact_with_crafting_table":80,"minecraft:interact_with_campfire":5,"minecraft:leave_game":5,"minecraft:time_since_death":201843,"minecraft:sprint_one_cm":812625,"minecraft:walk_one_cm":619387,"minecraft:damage_blocked_by_shield":895,"minecraft:drop":26,"minecraft:talked_to_villager":63,"minecraft:play_time":201843,"minecraft:sneak_time":3989,"minecraft:walk_under_water_one_cm":13391,"minecraft:boat_one_cm":48297,"minecraft:jump":2409,"minecraft:interact_with_blast_furnace":22,"minecraft:walk_on_water_one_cm":18340,"minecraft:total_world_time":201843,"minecraft:interact_with_furnace":26,"minecraft:traded_with_villager":18,"minecraft:interact_with_stonecutter":9,"minecraft:sleep_in_bed":9,"minecraft:time_since_rest":15030,"minecraft:damage_taken":896,"minecraft:damage_dealt":8485,"minecraft:fly_one_cm":586851,"minecraft:swim_one_cm":28530,"minecraft:open_chest":50,"minecraft:crouch_one_cm":7903,"minecraft:interact_with_smoker":2,"minecraft:fall_one_cm":43620},"minecraft:crafted":{"minecraft:smooth_stone":6,"minecraft:oak_planks":248,"minecraft:fishing_rod":1,"minecraft:iron_nugget":9,"minecraft:furnace":4,"minecraft:blast_furnace":1,"minecraft:stone":6,"minecraft:bone_meal":93,"minecraft:oak_trapdoor":8,"minecraft:lantern":1,"minecraft:iron_boots":1,"minecraft:bow":1,"minecraft:iron_axe":3,"minecraft:stone_pickaxe":1,"minecraft:cobblestone_wall":6,"minecraft:chest":2,"minecraft:stone_hoe":1,"minecraft:smoker":1,"minecraft:wheat":117,"minecraft:emerald":16,"minecraft:crafting_table":1,"minecraft:wooden_pickaxe":1,"minecraft:iron_helmet":1,"minecraft:iron_sword":1,"minecraft:fletching_table":1,"minecraft:bucket":1,"minecraft:birch_planks":100,"minecraft:campfire":1,"minecraft:stone_axe":1,"minecraft:bread":40,"minecraft:air":0,"minecraft:oak_fence_gate":4,"minecraft:oak_boat":1,"minecraft:iron_chestplate":1,"minecraft:shield":1,"minecraft:stick":592,"minecraft:iron_ingot":78,"minecraft:iron_pickaxe":3,"minecraft:stone_sword":1,"minecraft:iron_shovel":1,"minecraft:iron_leggings":1,"minecraft:torch":140},"minecraft:broken":{"minecraft:stone_pickaxe":1,"minecraft:stone_axe":1,"minecraft:iron_pickaxe":1},"minecraft:dropped":{"minecraft:wheat_seeds":13,"minecraft:feather":2,"minecraft:granite":4,"minecraft:ink_sac":2,"minecraft:torch":1,"minecraft:iron_axe":1,"minecraft:iron_pickaxe":1,"minecraft:dandelion":1,"minecraft:gravel":1,"minecraft:iron_nugget":1,"minecraft:rotten_flesh":13,"minecraft:shield":1,"minecraft:gunpowder":10,"minecraft:spider_eye":1},"minecraft:mined":{"minecraft:oak_sapling":1,"minecraft:cobblestone_stairs":9,"minecraft:granite":4,"minecraft:grass_block":5,"minecraft:hay_block":34,"minecraft:oak_trapdoor":3,"minecraft:carrots":52,"minecraft:furnace":3,"minecraft:iron_ore":110,"minecraft:andesite":4,"minecraft:fletching_table":3,"minecraft:potatoes":8,"minecraft:cobblestone_slab":4,"minecraft:rail":23,"minecraft:stone":234,"minecraft:smithing_table":1,"minecraft:smoker":11,"minecraft:crafting_table":9,"minecraft:oak_fence":34,"minecraft:torch":28,"minecraft:short_grass":96,"minecraft:blast_furnace":4,"minecraft:chest":3,"minecraft:cobblestone":51,"minecraft:copper_ore":8,"minecraft:tall_grass":20,"minecraft:lapis_ore":4,"minecraft:oak_planks":65,"minecraft:sugar_cane":35,"minecraft:diorite":1,"minecraft:wall_torch":21,"minecraft:cobblestone_wall":5,"minecraft:birch_log":25,"minecraft:wheat":47,"minecraft:oak_log":129,"minecraft:coal_ore":231,"minecraft:beetroots":7,"minecraft:oak_fence_gate":1,"minecraft:gravel":27,"minecraft:dirt":5,"minecraft:cobweb":33,"minecraft:stonecutter":2,"minecraft:oak_leaves":7},"minecraft:used":{"minecraft:oak_fence":15,"minecraft:oak_trapdoor":11,"minecraft:stone_sword":44,"minecraft:iron_shovel":26,"minecraft:chest":5,"minecraft:shield":32,"minecraft:iron_sword":2,"minecraft:stone_hoe":44,"minecraft:torch":148,"minecraft:dirt":25,"minecraft:cobblestone_wall":10,"minecraft:carrot":87,"minecraft:oak_fence_gate":5,"minecraft:lantern":1,"minecraft:iron_axe":251,"minecraft:bow":8,"minecraft:oak_sapling":23,"minecraft:furnace":4,"minecraft:beetroot_seeds":11,"minecraft:cooked_beef":5,"minecraft:potato":6,"minecraft:wheat_seeds":73,"minecraft:water_bucket":10,"minecraft:cobblestone_stairs":28,"minecraft:stone_pickaxe":135,"minecraft:wooden_pickaxe":27,"minecraft:fletching_table":4,"minecraft:stonecutter":1,"minecraft:sugar_cane":21,"minecraft:cobblestone_slab":41,"minecraft:crafting_table":10,"minecraft:blast_furnace":5,"minecraft:campfire":1,"minecraft:smoker":11,"minecraft:apple":1,"minecraft:bread":27,"minecraft:string":1,"minecraft:iron_pickaxe":556,"minecraft:gravel":12,"minecraft:stone_axe":138,"minecraft:fishing_rod":5,"minecraft:cobblestone":161,"minecraft:smithing_table":1,"minecraft:bucket":11,"minecraft:oak_boat":8,"minecraft:bone_meal":86},"minecraft:picked_up":{"minecraft:crafting_table":9,"minecraft:wheat":29,"minecraft:smithing_table":1,"minecraft:shield":1,"minecraft:oak_trapdoor":3,"minecraft:string":32,"minecraft:raw_copper":26,"minecraft:beetroot":4,"minecraft:beef":5,"minecraft:oak_boat":8,"minecraft:cobblestone_slab":4,"minecraft:iron_nugget":1,"minecraft:iron_pickaxe":1,"minecraft:sugar_cane":50,"minecraft:chest":3,"minecraft:furnace":3,"minecraft:stick":13,"minecraft:raw_iron":110,"minecraft:oak_fence":34,"minecraft:torch":52,"minecraft:diorite":1,"minecraft:carrot":152,"minecraft:arrow":8,"minecraft:rotten_flesh":18,"minecraft:beetroot_seeds":19,"minecraft:hay_block":34,"minecraft:cobblestone":290,"minecraft:rail":22,"minecraft:birch_log":25,"minecraft:feather":1,"minecraft:cooked_beef":5,"minecraft:andesite":3,"minecraft:leather":1,"minecraft:smoker":11,"minecraft:potato":24,"minecraft:flint":3,"minecraft:oak_log":133,"minecraft:cobblestone_wall":5,"minecraft:gunpowder":11,"minecraft:cobblestone_stairs":9,"minecraft:dirt":27,"minecraft:lapis_lazuli":27,"minecraft:bone":15,"minecraft:apple":4,"minecraft:stonecutter":2,"minecraft:wheat_seeds":117,"minecraft:oak_fence_gate":1,"minecraft:fletching_table":3,"minecraft:oak_planks":63,"minecraft:dandelion":1,"minecraft:gravel":23,"minecraft:blast_furnace":4,"minecraft:ink_sac":5,"minecraft:spider_eye":4,"minecraft:granite":4,"minecraft:bone_meal":1,"minecraft:oak_sapling":29,"minecraft:coal":240}},"DataVersion":3955}