{"stats":{"minecraft:killed":{"minecraft:spider":3,"minecraft:skeleton":10,"minecraft:creeper":7,"minecraft:squid":1,"minecraft:zombie":10,"minecraft:cow":2},"minecraft:custom":{"minecraft:mob_kills":33,"minecraft:animals_bred":3,"minecraft:interact_with_crafting_table":78,"minecraft:interact_with_campfire":5,"minecraft:leave_game":4,"minecraft:time_since_death":185816,"minecraft:sprint_one_cm":704396,"minecraft:walk_one_cm":565223,"minecraft:damage_blocked_by_shield":745,"minecraft:drop":18,"minecraft:talked_to_villager":63,"minecraft:play_time":185816,"minecraft:sneak_time":3423,"minecraft:walk_under_water_one_cm":12988,"minecraft:boat_one_cm":48297,"minecraft:jump":2134,"minecraft:interact_with_blast_furnace":22,"minecraft:walk_on_water_one_cm":18121,"minecraft:total_world_time":185816,"minecraft:interact_with_furnace":26,"minecraft:traded_with_villager":18,"minecraft:interact_with_stonecutter":9,"minecraft:sleep_in_bed":8,"minecraft:time_since_rest":13818,"minecraft:damage_taken":674,"minecraft:damage_dealt":5647,"minecraft:swim_one_cm":28530,"minecraft:fly_one_cm":531745,"minecraft:open_chest":47,"minecraft:crouch_one_cm":6137,"minecraft:interact_with_smoker":2,"minecraft:fall_one_cm":35114},"minecraft:crafted":{"minecraft:oak_planks":248,"minecraft:smooth_stone":6,"minecraft:fishing_rod":1,"minecraft:iron_nugget":9,"minecraft:furnace":4,"minecraft:blast_furnace":1,"minecraft:stone":6,"minecraft:bone_meal":93,"minecraft:oak_trapdoor":8,"minecraft:lantern":1,"minecraft:iron_boots":1,"minecraft:bow":1,"minecraft:iron_axe":2,"minecraft:stone_pickaxe":1,"minecraft:cobblestone_wall":6,"minecraft:chest":2,"minecraft:stone_hoe":1,"minecraft:smoker":1,"minecraft:wheat":117,"minecraft:emerald":16,"minecraft:crafting_table":1,"minecraft:iron_helmet":1,"minecraft:wooden_pickaxe":1,"minecraft:iron_sword":1,"minecraft:fletching_table":1,"minecraft:bucket":1,"minecraft:birch_planks":100,"minecraft:campfire":1,"minecraft:stone_axe":1,"minecraft:bread":40,"minecraft:air":0,"minecraft:oak_fence_gate":4,"minecraft:oak_boat":1,"minecraft:iron_chestplate":1,"minecraft:shield":1,"minecraft:stick":592,"minecraft:iron_ingot":78,"minecraft:iron_pickaxe":3,"minecraft:stone_sword":1,"minecraft:iron_shovel":1,"minecraft:iron_leggings":1,"minecraft:torch":140},"minecraft:broken":{"minecraft:stone_pickaxe":1,"minecraft:stone_axe":1,"minecraft:iron_pickaxe":1},"minecraft:dropped":{"minecraft:wheat_seeds":12,"minecraft:feather":2,"minecraft:granite":4,"minecraft:ink_sac":2,"minecraft:iron_axe":1,"minecraft:gravel":1,"minecraft:iron_nugget":1,"minecraft:rotten_flesh":9,"minecraft:shield":1,"minecraft:gunpowder":10,"minecraft:spider_eye":1},"minecraft:mined":{"minecraft:oak_sapling":1,"minecraft:cobblestone_stairs":9,"minecraft:granite":4,"minecraft:grass_block":5,"minecraft:hay_block":34,"minecraft:oak_trapdoor":3,"minecraft:carrots":52,"minecraft:furnace":3,"minecraft:iron_ore":83,"minecraft:andesite":1,"minecraft:fletching_table":3,"minecraft:potatoes":8,"minecraft:cobblestone_slab":4,"minecraft:rail":23,"minecraft:stone":215,"minecraft:smithing_table":1,"minecraft:smoker":11,"minecraft:crafting_table":9,"minecraft:oak_fence":18,"minecraft:torch":26,"minecraft:short_grass":88,"minecraft:blast_furnace":4,"minecraft:chest":3,"minecraft:cobblestone":51,"minecraft:tall_grass":20,"minecraft:copper_ore":8,"minecraft:oak_planks":43,"minecraft:sugar_cane":35,"minecraft:wall_torch":20,"minecraft:cobblestone_wall":5,"minecraft:birch_log":25,"minecraft:wheat":47,"minecraft:oak_log":129,"minecraft:coal_ore":204,"minecraft:beetroots":7,"minecraft:oak_fence_gate":1,"minecraft:gravel":16,"minecraft:dirt":4,"minecraft:cobweb":33,"minecraft:stonecutter":2,"minecraft:oak_leaves":6},"minecraft:used":{"minecraft:oak_trapdoor":11,"minecraft:oak_fence":12,"minecraft:stone_sword":44,"minecraft:iron_shovel":15,"minecraft:chest":5,"minecraft:shield":27,"minecraft:stone_hoe":44,"minecraft:torch":130,"minecraft:dirt":7,"minecraft:cobblestone_wall":10,"minecraft:carrot":87,"minecraft:oak_fence_gate":5,"minecraft:lantern":1,"minecraft:iron_axe":184,"minecraft:bow":4,"minecraft:oak_sapling":15,"minecraft:furnace":4,"minecraft:beetroot_seeds":11,"minecraft:cooked_beef":5,"minecraft:potato":6,"minecraft:wheat_seeds":73,"minecraft:water_bucket":10,"minecraft:cobblestone_stairs":28,"minecraft:stone_pickaxe":135,"minecraft:wooden_pickaxe":27,"minecraft:fletching_table":4,"minecraft:stonecutter":1,"minecraft:sugar_cane":21,"minecraft:cobblestone_slab":41,"minecraft:crafting_table":10,"minecraft:blast_furnace":5,"minecraft:campfire":1,"minecraft:smoker":11,"minecraft:apple":1,"minecraft:bread":20,"minecraft:string":1,"minecraft:iron_pickaxe":474,"minecraft:gravel":12,"minecraft:stone_axe":138,"minecraft:fishing_rod":5,"minecraft:cobblestone":149,"minecraft:smithing_table":1,"minecraft:bucket":11,"minecraft:oak_boat":8,"minecraft:bone_meal":86},"minecraft:picked_up":{"minecraft:crafting_table":9,"minecraft:wheat":29,"minecraft:smithing_table":1,"minecraft:shield":1,"minecraft:oak_trapdoor":3,"minecraft:string":32,"minecraft:raw_copper":26,"minecraft:beetroot":4,"minecraft:beef":5,"minecraft:oak_boat":8,"minecraft:cobblestone_slab":4,"minecraft:iron_nugget":1,"minecraft:sugar_cane":50,"minecraft:chest":3,"minecraft:furnace":3,"minecraft:stick":6,"minecraft:raw_iron":83,"minecraft:oak_fence":18,"minecraft:torch":48,"minecraft:carrot":152,"minecraft:arrow":7,"minecraft:rotten_flesh":14,"minecraft:beetroot_seeds":19,"minecraft:hay_block":34,"minecraft:cobblestone":269,"minecraft:rail":22,"minecraft:birch_log":25,"minecraft:feather":1,"minecraft:cooked_beef":5,"minecraft:leather":1,"minecraft:smoker":11,"minecraft:potato":24,"minecraft:flint":2,"minecraft:oak_log":133,"minecraft:cobblestone_wall":5,"minecraft:gunpowder":7,"minecraft:cobblestone_stairs":9,"minecraft:dirt":9,"minecraft:bone":10,"minecraft:apple":4,"minecraft:stonecutter":2,"minecraft:wheat_seeds":115,"minecraft:oak_fence_gate":1,"minecraft:fletching_table":3,"minecraft:oak_planks":43,"minecraft:gravel":13,"minecraft:ink_sac":5,"minecraft:blast_furnace":4,"minecraft:spider_eye":3,"minecraft:granite":4,"minecraft:bone_meal":1,"minecraft:oak_sapling":21,"minecraft:coal":213}},"DataVersion":3955}