{"stats":{"minecraft:killed":{"minecraft:spider":13,"minecraft:skeleton":33,"minecraft:pig":6,"minecraft:zombie_villager":1,"minecraft:bat":1,"minecraft:creeper":26,"minecraft:squid":1,"minecraft:zombie":57,"minecraft:cow":2},"minecraft:custom":{"minecraft:mob_kills":140,"minecraft:animals_bred":21,"minecraft:interact_with_crafting_table":105,"minecraft:interact_with_campfire":5,"minecraft:leave_game":6,"minecraft:time_since_death":316683,"minecraft:sprint_one_cm":1353406,"minecraft:walk_one_cm":927858,"minecraft:damage_blocked_by_shield":1550,"minecraft:drop":52,"minecraft:talked_to_villager":95,"minecraft:play_time":316683,"minecraft:sneak_time":6037,"minecraft:walk_under_water_one_cm":24162,"minecraft:boat_one_cm":48297,"minecraft:jump":4155,"minecraft:interact_with_blast_furnace":33,"minecraft:walk_on_water_one_cm":58655,"minecraft:total_world_time":316683,"minecraft:interact_with_furnace":29,"minecraft:traded_with_villager":34,"minecraft:interact_with_cartography_table":2,"minecraft:interact_with_stonecutter":10,"minecraft:sleep_in_bed":13,"minecraft:time_since_rest":8721,"minecraft:damage_taken":2491,"minecraft:damage_dealt":22775,"minecraft:swim_one_cm":47937,"minecraft:fly_one_cm":915876,"minecraft:open_chest":104,"minecraft:crouch_one_cm":12208,"minecraft:interact_with_smoker":2,"minecraft:fall_one_cm":79098},"minecraft:crafted":{"minecraft:smooth_stone":6,"minecraft:oak_planks":376,"minecraft:oak_sign":3,"minecraft:fishing_rod":1,"minecraft:spyglass":2,"minecraft:iron_nugget":27,"minecraft:chain":2,"minecraft:furnace":4,"minecraft:blast_furnace":1,"minecraft:stone":6,"minecraft:bone_meal":93,"minecraft:oak_trapdoor":8,"minecraft:lantern":2,"minecraft:bow":3,"minecraft:iron_boots":2,"minecraft:iron_axe":5,"minecraft:stone_pickaxe":1,"minecraft:cobblestone_wall":6,"minecraft:chest":2,"minecraft:stone_hoe":1,"minecraft:wheat":190,"minecraft:smoker":1,"minecraft:coal_block":1,"minecraft:item_frame":1,"minecraft:crossbow":1,"minecraft:arrow":32,"minecraft:emerald":28,"minecraft:map":1,"minecraft:crafting_table":2,"minecraft:wooden_pickaxe":1,"minecraft:iron_helmet":2,"minecraft:iron_sword":1,"minecraft:copper_ingot":26,"minecraft:fletching_table":1,"minecraft:birch_planks":100,"minecraft:bucket":1,"minecraft:campfire":1,"minecraft:stone_axe":1,"minecraft:bread":67,"minecraft:air":0,"minecraft:cartography_table":1,"minecraft:oak_fence_gate":4,"minecraft:oak_boat":1,"minecraft:iron_chestplate":1,"minecraft:paper":12,"minecraft:diamond_pickaxe":1,"minecraft:shield":2,"minecraft:stick":808,"minecraft:iron_ingot":155,"minecraft:compass":1,"minecraft:iron_pickaxe":5,"minecraft:stone_sword":1,"minecraft:gold_ingot":53,"minecraft:iron_shovel":1,"minecraft:iron_leggings":2,"minecraft:torch":176},"minecraft:broken":{"minecraft:stone_pickaxe":1,"minecraft:stone_axe":1,"minecraft:iron_pickaxe":2},"minecraft:dropped":{"minecraft:water_bucket":1,"minecraft:wheat_seeds":15,"minecraft:iron_helmet":1,"minecraft:feather":2,"minecraft:granite":4,"minecraft:ink_sac":2,"minecraft:torch":3,"minecraft:iron_leggings":1,"minecraft:iron_axe":1,"minecraft:iron_pickaxe":1,"minecraft:string":1,"minecraft:dandelion":1,"minecraft:gravel":1,"minecraft:spyglass":1,"minecraft:iron_nugget":1,"minecraft:rotten_flesh":41,"minecraft:oak_planks":34,"minecraft:iron_boots":1,"minecraft:potato":2,"minecraft:shield":2,"minecraft:gunpowder":12,"minecraft:spider_eye":4},"minecraft:mined":{"minecraft:large_amethyst_bud":2,"minecraft:oak_sapling":1,"minecraft:deepslate_diamond_ore":7,"minecraft:cobblestone_stairs":9,"minecraft:obsidian":10,"minecraft:granite":5,"minecraft:grass_block":5,"minecraft:cartography_table":1,"minecraft:oak_wall_sign":3,"minecraft:hay_block":34,"minecraft:oak_trapdoor":3,"minecraft:furnace":4,"minecraft:carrots":61,"minecraft:iron_ore":128,"minecraft:cobbled_deepslate":2,"minecraft:andesite":5,"minecraft:fletching_table":3,"minecraft:potatoes":8,"minecraft:cobblestone_slab":4,"minecraft:oak_sign":1,"minecraft:deepslate_iron_ore":29,"minecraft:rail":55,"minecraft:stone":237,"minecraft:smithing_table":1,"minecraft:deepslate_redstone_ore":13,"minecraft:smoker":15,"minecraft:medium_amethyst_bud":1,"minecraft:amethyst_cluster":5,"minecraft:oak_fence":36,"minecraft:crafting_table":10,"minecraft:torch":38,"minecraft:short_grass":96,"minecraft:blast_furnace":4,"minecraft:chest":3,"minecraft:cobblestone":58,"minecraft:copper_ore":8,"minecraft:tall_grass":20,"minecraft:deepslate_gold_ore":52,"minecraft:lapis_ore":5,"minecraft:sugar_cane":82,"minecraft:oak_planks":88,"minecraft:diorite":1,"minecraft:wall_torch":26,"minecraft:chain":2,"minecraft:cobblestone_wall":5,"minecraft:birch_log":25,"minecraft:wheat":51,"minecraft:oak_log":129,"minecraft:coal_ore":274,"minecraft:beetroots":7,"minecraft:oak_fence_gate":1,"minecraft:gravel":53,"minecraft:dirt":5,"minecraft:cobweb":55,"minecraft:stonecutter":2,"minecraft:gold_ore":15,"minecraft:oak_leaves":7,"minecraft:deepslate":41},"minecraft:used":{"minecraft:oak_fence":23,"minecraft:oak_trapdoor":11,"minecraft:stone_sword":51,"minecraft:iron_shovel":52,"minecraft:oak_sign":5,"minecraft:chest":5,"minecraft:shield":56,"minecraft:iron_sword":141,"minecraft:stone_hoe":44,"minecraft:rotten_flesh":5,"minecraft:torch":253,"minecraft:spyglass":4,"minecraft:dirt":25,"minecraft:cobblestone_wall":10,"minecraft:carrot":101,"minecraft:oak_fence_gate":5,"minecraft:iron_axe":362,"minecraft:lantern":2,"minecraft:item_frame":1,"minecraft:bow":30,"minecraft:oak_sapling":23,"minecraft:furnace":6,"minecraft:beetroot_seeds":11,"minecraft:cooked_beef":5,"minecraft:potato":6,"minecraft:cobbled_deepslate":16,"minecraft:wheat_seeds":82,"minecraft:water_bucket":21,"minecraft:cobblestone_stairs":28,"minecraft:cartography_table":2,"minecraft:stone_pickaxe":135,"minecraft:oak_planks":4,"minecraft:wooden_pickaxe":27,"minecraft:stonecutter":2,"minecraft:sugar_cane":26,"minecraft:fletching_table":4,"minecraft:cobblestone_slab":41,"minecraft:crafting_table":12,"minecraft:blast_furnace":5,"minecraft:crossbow":12,"minecraft:campfire":1,"minecraft:smoker":16,"minecraft:diamond_pickaxe":10,"minecraft:apple":1,"minecraft:bread":72,"minecraft:map":1,"minecraft:string":1,"minecraft:iron_pickaxe":839,"minecraft:gravel":19,"minecraft:stone_axe":138,"minecraft:fishing_rod":5,"minecraft:cobblestone":182,"minecraft:smithing_table":1,"minecraft:chain":4,"minecraft:bucket":22,"minecraft:oak_boat":8,"minecraft:bone_meal":87},"minecraft:picked_up":{"minecraft:crafting_table":10,"minecraft:wheat":42,"minecraft:smithing_table":1,"minecraft:chain":2,"minecraft:shield":1,"minecraft:oak_trapdoor":3,"minecraft:string":82,"minecraft:raw_copper":26,"minecraft:oak_sign":4,"minecraft:beetroot":4,"minecraft:cartography_table":1,"minecraft:cobbled_deepslate":39,"minecraft:beef":5,"minecraft:oak_boat":8,"minecraft:cobblestone_slab":4,"minecraft:iron_nugget":1,"minecraft:iron_pickaxe":1,"minecraft:sugar_cane":143,"minecraft:chest":3,"minecraft:furnace":4,"minecraft:stick":13,"minecraft:raw_iron":155,"minecraft:oak_fence":36,"minecraft:torch":71,"minecraft:porkchop":12,"minecraft:diorite":1,"minecraft:carrot":184,"minecraft:redstone":59,"minecraft:arrow":26,"minecraft:rotten_flesh":51,"minecraft:beetroot_seeds":19,"minecraft:hay_block":34,"minecraft:obsidian":10,"minecraft:rail":55,"minecraft:cobblestone":300,"minecraft:birch_log":25,"minecraft:feather":1,"minecraft:cooked_beef":5,"minecraft:water_bucket":1,"minecraft:glow_ink_sac":5,"minecraft:andesite":4,"minecraft:leather":1,"minecraft:smoker":15,"minecraft:potato":26,"minecraft:flint":5,"minecraft:oak_log":133,"minecraft:gunpowder":47,"minecraft:cobblestone_wall":5,"minecraft:cobblestone_stairs":9,"minecraft:lapis_lazuli":33,"minecraft:dirt":27,"minecraft:bone":41,"minecraft:apple":4,"minecraft:stonecutter":2,"minecraft:bow":2,"minecraft:wheat_seeds":129,"minecraft:raw_gold":67,"minecraft:oak_fence_gate":1,"minecraft:fletching_table":3,"minecraft:oak_planks":117,"minecraft:dandelion":1,"minecraft:gravel":44,"minecraft:amethyst_shard":20,"minecraft:blast_furnace":4,"minecraft:ink_sac":5,"minecraft:spider_eye":6,"minecraft:diamond":7,"minecraft:granite":4,"minecraft:bone_meal":2,"minecraft:oak_sapling":29,"minecraft:coal":283,"minecraft:ender_pearl":1}},"DataVersion":3955}