{"stats":{"minecraft:killed":{"minecraft:skeleton":7,"minecraft:creeper":3,"minecraft:squid":1,"minecraft:zombie":4,"minecraft:cow":2},"minecraft:custom":{"minecraft:mob_kills":17,"minecraft:interact_with_crafting_table":63,"minecraft:interact_with_campfire":5,"minecraft:leave_game":4,"minecraft:time_since_death":149816,"minecraft:sprint_one_cm":535471,"minecraft:walk_one_cm":443975,"minecraft:damage_blocked_by_shield":340,"minecraft:drop":9,"minecraft:talked_to_villager":58,"minecraft:play_time":149816,"minecraft:sneak_time":2977,"minecraft:walk_under_water_one_cm":11971,"minecraft:boat_one_cm":48297,"minecraft:jump":1538,"minecraft:interact_with_blast_furnace":19,"minecraft:walk_on_water_one_cm":12812,"minecraft:total_world_time":149816,"minecraft:interact_with_furnace":21,"minecraft:traded_with_villager":18,"minecraft:interact_with_stonecutter":9,"minecraft:sleep_in_bed":6,"minecraft:time_since_rest":13710,"minecraft:damage_taken":458,"minecraft:damage_dealt":2660,"minecraft:swim_one_cm":27711,"minecraft:fly_one_cm":378175,"minecraft:open_chest":21,"minecraft:crouch_one_cm":4754,"minecraft:interact_with_smoker":2,"minecraft:fall_one_cm":22621},"minecraft:crafted":{"minecraft:oak_planks":248,"minecraft:smooth_stone":3,"minecraft:fishing_rod":1,"minecraft:iron_nugget":9,"minecraft:furnace":2,"minecraft:blast_furnace":1,"minecraft:stone":3,"minecraft:oak_trapdoor":8,"minecraft:lantern":1,"minecraft:iron_boots":1,"minecraft:bow":1,"minecraft:iron_axe":2,"minecraft:stone_pickaxe":1,"minecraft:cobblestone_wall":6,"minecraft:chest":1,"minecraft:smoker":1,"minecraft:wheat":54,"minecraft:emerald":16,"minecraft:crafting_table":1,"minecraft:iron_helmet":1,"minecraft:wooden_pickaxe":1,"minecraft:fletching_table":1,"minecraft:bucket":1,"minecraft:birch_planks":100,"minecraft:campfire":1,"minecraft:stone_axe":1,"minecraft:bread":19,"minecraft:air":0,"minecraft:oak_fence_gate":4,"minecraft:oak_boat":1,"minecraft:iron_chestplate":1,"minecraft:shield":1,"minecraft:stick":580,"minecraft:iron_ingot":69,"minecraft:iron_pickaxe":2,"minecraft:stone_sword":1,"minecraft:iron_shovel":1,"minecraft:iron_leggings":1,"minecraft:torch":84},"minecraft:broken":{"minecraft:stone_pickaxe":1,"minecraft:stone_axe":1,"minecraft:iron_pickaxe":1},"minecraft:dropped":{"minecraft:wheat_seeds":7,"minecraft:granite":4,"minecraft:iron_axe":1,"minecraft:gravel":1,"minecraft:rotten_flesh":4,"minecraft:gunpowder":2},"minecraft:mined":{"minecraft:oak_sapling":1,"minecraft:cobblestone_stairs":9,"minecraft:granite":4,"minecraft:grass_block":5,"minecraft:hay_block":34,"minecraft:oak_trapdoor":3,"minecraft:carrots":11,"minecraft:furnace":3,"minecraft:iron_ore":69,"minecraft:andesite":1,"minecraft:fletching_table":3,"minecraft:potatoes":5,"minecraft:cobblestone_slab":4,"minecraft:rail":23,"minecraft:stone":199,"minecraft:smithing_table":1,"minecraft:smoker":11,"minecraft:crafting_table":8,"minecraft:oak_fence":18,"minecraft:torch":17,"minecraft:short_grass":85,"minecraft:blast_furnace":4,"minecraft:chest":1,"minecraft:cobblestone":51,"minecraft:tall_grass":20,"minecraft:copper_ore":8,"minecraft:oak_planks":42,"minecraft:sugar_cane":28,"minecraft:wall_torch":17,"minecraft:cobblestone_wall":5,"minecraft:birch_log":25,"minecraft:wheat":25,"minecraft:oak_log":65,"minecraft:coal_ore":145,"minecraft:beetroots":3,"minecraft:oak_fence_gate":1,"minecraft:gravel":16,"minecraft:dirt":4,"minecraft:cobweb":33,"minecraft:stonecutter":2,"minecraft:oak_leaves":5},"minecraft:used":{"minecraft:oak_trapdoor":11,"minecraft:oak_fence":12,"minecraft:stone_sword":38,"minecraft:iron_shovel":15,"minecraft:chest":1,"minecraft:shield":12,"minecraft:torch":114,"minecraft:dirt":7,"minecraft:cobblestone_wall":10,"minecraft:carrot":16,"minecraft:oak_fence_gate":5,"minecraft:lantern":1,"minecraft:iron_axe":81,"minecraft:bow":1,"minecraft:oak_sapling":8,"minecraft:furnace":3,"minecraft:beetroot_seeds":5,"minecraft:cooked_beef":5,"minecraft:potato":5,"minecraft:wheat_seeds":47,"minecraft:water_bucket":10,"minecraft:cobblestone_stairs":28,"minecraft:stone_pickaxe":135,"minecraft:wooden_pickaxe":27,"minecraft:fletching_table":4,"minecraft:stonecutter":1,"minecraft:sugar_cane":21,"minecraft:cobblestone_slab":41,"minecraft:crafting_table":9,"minecraft:blast_furnace":5,"minecraft:campfire":1,"minecraft:smoker":11,"minecraft:apple":1,"minecraft:bread":14,"minecraft:iron_pickaxe":385,"minecraft:gravel":12,"minecraft:stone_axe":138,"minecraft:fishing_rod":5,"minecraft:cobblestone":146,"minecraft:smithing_table":1,"minecraft:bucket":11,"minecraft:oak_boat":8},"minecraft:picked_up":{"minecraft:crafting_table":8,"minecraft:wheat":25,"minecraft:smithing_table":1,"minecraft:oak_trapdoor":3,"minecraft:string":32,"minecraft:raw_copper":26,"minecraft:beetroot":3,"minecraft:beef":5,"minecraft:oak_boat":8,"minecraft:cobblestone_slab":4,"minecraft:sugar_cane":41,"minecraft:chest":1,"minecraft:furnace":3,"minecraft:stick":2,"minecraft:raw_iron":69,"minecraft:oak_fence":18,"minecraft:torch":36,"minecraft:carrot":39,"minecraft:arrow":5,"minecraft:rotten_flesh":4,"minecraft:beetroot_seeds":9,"minecraft:hay_block":34,"minecraft:cobblestone":251,"minecraft:rail":22,"minecraft:birch_log":25,"minecraft:cooked_beef":5,"minecraft:leather":1,"minecraft:smoker":11,"minecraft:potato":19,"minecraft:flint":2,"minecraft:oak_log":69,"minecraft:cobblestone_wall":5,"minecraft:gunpowder":4,"minecraft:cobblestone_stairs":9,"minecraft:dirt":9,"minecraft:bone":5,"minecraft:apple":3,"minecraft:stonecutter":2,"minecraft:wheat_seeds":84,"minecraft:oak_fence_gate":1,"minecraft:fletching_table":3,"minecraft:oak_planks":42,"minecraft:gravel":13,"minecraft:ink_sac":3,"minecraft:blast_furnace":4,"minecraft:granite":4,"minecraft:oak_sapling":14,"minecraft:coal":154}},"DataVersion":3955}