{"stats":{"minecraft:mined":{"minecraft:short_grass":12,"minecraft:grass_block":2,"minecraft:oak_log":27,"minecraft:dirt":2,"minecraft:tall_grass":17,"minecraft:stone":80,"minecraft:oak_leaves":3,"minecraft:crafting_table":2},"minecraft:custom":{"minecraft:time_since_rest":5961,"minecraft:crouch_one_cm":203,"minecraft:play_time":5961,"minecraft:sprint_one_cm":17674,"minecraft:walk_one_cm":14614,"minecraft:sneak_time":144,"minecraft:mob_kills":1,"minecraft:jump":42,"minecraft:damage_dealt":100,"minecraft:time_since_death":5961,"minecraft:total_world_time":5961,"minecraft:fall_one_cm":209,"minecraft:interact_with_crafting_table":3,"minecraft:fly_one_cm":5951},"minecraft:killed":{"minecraft:cow":1},"minecraft:used":{"minecraft:stone_axe":46,"minecraft:dirt":4,"minecraft:crafting_table":2,"minecraft:stone_pickaxe":53,"minecraft:wooden_pickaxe":27},"minecraft:picked_up":{"minecraft:stick":1,"minecraft:crafting_table":2,"minecraft:apple":1,"minecraft:leather":1,"minecraft:wheat_seeds":6,"minecraft:beef":3,"minecraft:oak_log":27,"minecraft:oak_sapling":2,"minecraft:dirt":4,"minecraft:cobblestone":80},"minecraft:crafted":{"minecraft:oak_planks":24,"minecraft:stone_axe":1,"minecraft:crafting_table":1,"minecraft:stick":8,"minecraft:stone_pickaxe":1,"minecraft:wooden_pickaxe":1}},"DataVersion":3955}