{"stats":{"minecraft:custom":{"minecraft:time_since_rest":0,"minecraft:interact_with_smithing_table":3,"minecraft:sprint_one_cm":69236,"minecraft:damage_taken":220,"minecraft:walk_one_cm":41365,"minecraft:damage_dealt":69,"minecraft:traded_with_villager":12,"minecraft:swim_one_cm":2108,"minecraft:interact_with_crafting_table":4,"minecraft:talked_to_villager":15,"minecraft:fly_one_cm":123771,"minecraft:open_chest":2,"minecraft:crouch_one_cm":339,"minecraft:play_time":26940,"minecraft:sneak_time":194,"minecraft:walk_under_water_one_cm":1575,"minecraft:jump":530,"minecraft:interact_with_blast_furnace":1,"minecraft:leave_game":3,"minecraft:time_since_death":26940,"minecraft:walk_on_water_one_cm":6802,"minecraft:sleep_in_bed":3,"minecraft:total_world_time":26940,"minecraft:fall_one_cm":15063},"minecraft:crafted":{"minecraft:oak_planks":248,"minecraft:emerald":11,"minecraft:iron_chestplate":1,"minecraft:crafting_table":1,"minecraft:stick":352,"minecraft:wooden_pickaxe":1,"minecraft:stone_pickaxe":1,"minecraft:wooden_axe":1},"minecraft:mined":{"minecraft:smithing_table":1,"minecraft:white_bed":1,"minecraft:crafting_table":3,"minecraft:short_grass":3,"minecraft:coal_ore":11,"minecraft:oak_log":66,"minecraft:stone":15,"minecraft:oak_planks":3,"minecraft:oak_leaves":22},"minecraft:used":{"minecraft:wooden_axe":3,"minecraft:apple":3,"minecraft:iron_axe":86,"minecraft:bread":4,"minecraft:stone_pickaxe":15,"minecraft:oak_planks":3,"minecraft:wooden_pickaxe":11,"minecraft:crafting_table":3,"minecraft:oak_sapling":12,"minecraft:smithing_table":1,"minecraft:white_bed":1},"minecraft:picked_up":{"minecraft:stick":8,"minecraft:crafting_table":3,"minecraft:smithing_table":1,"minecraft:oak_log":62,"minecraft:white_bed":1,"minecraft:iron_axe":1,"minecraft:bone":1,"minecraft:arrow":1,"minecraft:apple":4,"minecraft:granite":4,"minecraft:oak_sapling":10,"minecraft:birch_sapling":3,"minecraft:oak_planks":3,"minecraft:coal":11,"minecraft:cobblestone":15}},"DataVersion":3955}