{"stats":{"minecraft:killed":{"minecraft:pig":1,"minecraft:skeleton":1,"minecraft:zombie":2},"minecraft:custom":{"minecraft:interact_with_smithing_table":3,"minecraft:mob_kills":4,"minecraft:traded_with_villager":12,"minecraft:interact_with_crafting_table":10,"minecraft:leave_game":5,"minecraft:time_since_death":64514,"minecraft:sleep_in_bed":4,"minecraft:time_since_rest":20955,"minecraft:sprint_one_cm":127455,"minecraft:damage_taken":528,"minecraft:walk_one_cm":198808,"minecraft:damage_blocked_by_shield":75,"minecraft:damage_dealt":816,"minecraft:swim_one_cm":16376,"minecraft:talked_to_villager":19,"minecraft:fly_one_cm":244268,"minecraft:open_chest":3,"minecraft:crouch_one_cm":624,"minecraft:play_time":64514,"minecraft:sneak_time":314,"minecraft:walk_under_water_one_cm":10772,"minecraft:jump":1198,"minecraft:interact_with_blast_furnace":2,"minecraft:walk_on_water_one_cm":21415,"minecraft:total_world_time":64514,"minecraft:interact_with_smoker":2,"minecraft:fall_one_cm":26149},"minecraft:crafted":{"minecraft:oak_planks":248,"minecraft:emerald":11,"minecraft:cooked_porkchop":3,"minecraft:crafting_table":2,"minecraft:wooden_pickaxe":1,"minecraft:furnace":1,"minecraft:iron_chestplate":1,"minecraft:stick":372,"minecraft:stone_pickaxe":1,"minecraft:wooden_axe":1,"minecraft:stone_sword":1,"minecraft:torch":40,"minecraft:stone_hoe":1,"minecraft:smoker":1},"minecraft:mined":{"minecraft:smithing_table":1,"minecraft:white_bed":1,"minecraft:crafting_table":4,"minecraft:short_grass":3,"minecraft:tall_grass":1,"minecraft:oak_planks":3,"minecraft:carrots":6,"minecraft:wheat":4,"minecraft:oak_log":82,"minecraft:coal_ore":20,"minecraft:stone":21,"minecraft:oak_leaves":45},"minecraft:used":{"minecraft:stone_sword":24,"minecraft:stone_pickaxe":30,"minecraft:oak_planks":3,"minecraft:shield":3,"minecraft:wooden_pickaxe":11,"minecraft:stone_hoe":5,"minecraft:rotten_flesh":2,"minecraft:torch":2,"minecraft:spyglass":6,"minecraft:crafting_table":6,"minecraft:carrot":3,"minecraft:white_bed":1,"minecraft:smoker":1,"minecraft:wooden_axe":14,"minecraft:apple":4,"minecraft:iron_axe":115,"minecraft:bread":4,"minecraft:iron_boots":1,"minecraft:smithing_table":1,"minecraft:oak_sapling":12,"minecraft:cooked_porkchop":3,"minecraft:potato":3,"minecraft:iron_leggings":1},"minecraft:picked_up":{"minecraft:crafting_table":4,"minecraft:smithing_table":1,"minecraft:potato":2,"minecraft:oak_log":78,"minecraft:shield":1,"minecraft:iron_axe":1,"minecraft:iron_leggings":1,"minecraft:bone":3,"minecraft:apple":5,"minecraft:bow":1,"minecraft:wheat_seeds":3,"minecraft:birch_sapling":3,"minecraft:oak_planks":3,"minecraft:iron_boots":1,"minecraft:stick":8,"minecraft:spyglass":1,"minecraft:porkchop":3,"minecraft:white_bed":1,"minecraft:carrot":8,"minecraft:arrow":3,"minecraft:rotten_flesh":2,"minecraft:iron_helmet":1,"minecraft:granite":4,"minecraft:oak_sapling":15,"minecraft:coal":20,"minecraft:cobblestone":21}},"DataVersion":3955}