{"stats":{"minecraft:killed":{"minecraft:spider":4,"minecraft:skeleton":6,"minecraft:drowned":1,"minecraft:magma_cube":6,"minecraft:piglin":1,"minecraft:pig":4,"minecraft:zombie":10,"minecraft:blaze":6},"minecraft:custom":{"minecraft:interact_with_smithing_table":3,"minecraft:interact_with_anvil":5,"minecraft:mob_kills":40,"minecraft:interact_with_crafting_table":48,"minecraft:leave_game":6,"minecraft:time_since_death":45701,"minecraft:sprint_one_cm":759340,"minecraft:walk_one_cm":697114,"minecraft:damage_blocked_by_shield":959,"minecraft:drop":29,"minecraft:talked_to_villager":27,"minecraft:play_time":316066,"minecraft:deaths":5,"minecraft:sneak_time":3533,"minecraft:walk_under_water_one_cm":113359,"minecraft:boat_one_cm":187808,"minecraft:jump":5241,"minecraft:interact_with_brewingstand":1,"minecraft:interact_with_blast_furnace":13,"minecraft:walk_on_water_one_cm":137218,"minecraft:total_world_time":316066,"minecraft:interact_with_furnace":7,"minecraft:traded_with_villager":12,"minecraft:interact_with_cartography_table":1,"minecraft:sleep_in_bed":6,"minecraft:time_since_rest":45736,"minecraft:damage_taken":4149,"minecraft:damage_dealt":7219,"minecraft:swim_one_cm":121859,"minecraft:fly_one_cm":1154338,"minecraft:open_chest":66,"minecraft:crouch_one_cm":11999,"minecraft:interact_with_smoker":2,"minecraft:fall_one_cm":127968},"minecraft:crafted":{"minecraft:oak_planks":360,"minecraft:smooth_stone":3,"minecraft:stone_shovel":1,"minecraft:spyglass":1,"minecraft:furnace":4,"minecraft:blast_furnace":1,"minecraft:stone":3,"minecraft:iron_axe":2,"minecraft:stone_pickaxe":2,"minecraft:chest":3,"minecraft:stone_hoe":1,"minecraft:golden_boots":1,"minecraft:smoker":2,"minecraft:wheat":306,"minecraft:emerald":11,"minecraft:cooked_porkchop":3,"minecraft:crafting_table":7,"minecraft:wooden_pickaxe":2,"minecraft:iron_helmet":2,"minecraft:iron_sword":4,"minecraft:bread":80,"minecraft:air":0,"minecraft:iron_chestplate":1,"minecraft:shield":2,"minecraft:stick":396,"minecraft:iron_ingot":72,"minecraft:compass":2,"minecraft:iron_pickaxe":3,"minecraft:wooden_axe":1,"minecraft:iron_block":3,"minecraft:stone_sword":2,"minecraft:gold_ingot":1,"minecraft:iron_leggings":1,"minecraft:anvil":1,"minecraft:torch":100},"minecraft:killed_by":{"minecraft:ghast":1,"minecraft:player":1},"minecraft:broken":{"minecraft:wooden_pickaxe":1},"minecraft:dropped":{"minecraft:iron_sword":1,"minecraft:golden_pickaxe":2,"minecraft:iron_helmet":1,"minecraft:granite":3,"minecraft:stick":10,"minecraft:light_weighted_pressure_plate":1,"minecraft:dirt":1,"minecraft:phantom_membrane":2,"minecraft:sand":3,"minecraft:bone":11,"minecraft:furnace":1,"minecraft:compass":2,"minecraft:iron_nugget":2,"minecraft:blaze_rod":2,"minecraft:stone_sword":2,"minecraft:bowl":2,"minecraft:stone_shovel":1,"minecraft:smoker":1,"minecraft:nether_bricks":10,"minecraft:rabbit_stew":1,"minecraft:stone_pickaxe":1,"minecraft:wooden_pickaxe":1,"minecraft:netherrack":38},"minecraft:mined":{"minecraft:nether_gold_ore":7,"minecraft:large_amethyst_bud":1,"minecraft:tuff":1,"minecraft:white_bed":1,"minecraft:deepslate_diamond_ore":14,"minecraft:nether_bricks":28,"minecraft:granite":3,"minecraft:grass_block":4,"minecraft:soul_soil":3,"minecraft:spruce_leaves":14,"minecraft:hay_block":34,"minecraft:glowstone":25,"minecraft:furnace":2,"minecraft:carrots":8,"minecraft:iron_ore":12,"minecraft:cobbled_deepslate":2,"minecraft:fire":11,"minecraft:snow":12,"minecraft:andesite":4,"minecraft:pumpkin":13,"minecraft:deepslate_lapis_ore":2,"minecraft:nether_brick_stairs":4,"minecraft:deepslate_iron_ore":18,"minecraft:small_amethyst_bud":3,"minecraft:packed_ice":2,"minecraft:stone":121,"minecraft:bone_block":23,"minecraft:smithing_table":1,"minecraft:deepslate_redstone_ore":24,"minecraft:brown_mushroom":9,"minecraft:smoker":1,"minecraft:soul_sand":47,"minecraft:snow_block":13,"minecraft:medium_amethyst_bud":4,"minecraft:soul_fire":2,"minecraft:amethyst_cluster":1,"minecraft:crafting_table":14,"minecraft:short_grass":6,"minecraft:blast_furnace":1,"minecraft:cobblestone":3,"minecraft:tall_grass":1,"minecraft:deepslate_gold_ore":22,"minecraft:oak_planks":4,"minecraft:diorite":4,"minecraft:wheat":4,"minecraft:spruce_log":8,"minecraft:coal_ore":61,"minecraft:oak_log":113,"minecraft:sand":8,"minecraft:dirt":10,"minecraft:netherrack":39,"minecraft:oak_leaves":49,"minecraft:deepslate":35},"minecraft:used":{"minecraft:stone_sword":36,"minecraft:flint_and_steel":1,"minecraft:stone_shovel":92,"minecraft:diamond_hoe":27,"minecraft:chest":3,"minecraft:shield":27,"minecraft:iron_sword":124,"minecraft:stone_hoe":13,"minecraft:rotten_flesh":2,"minecraft:netherrack":24,"minecraft:torch":42,"minecraft:dirt":13,"minecraft:spyglass":9,"minecraft:anvil":1,"minecraft:nether_bricks":19,"minecraft:carrot":8,"minecraft:golden_chestplate":1,"minecraft:granite":4,"minecraft:snowball":7,"minecraft:wooden_axe":14,"minecraft:lantern":1,"minecraft:iron_axe":185,"minecraft:iron_helmet":1,"minecraft:iron_boots":1,"minecraft:rabbit_stew":2,"minecraft:sweet_berries":1,"minecraft:oak_sapling":12,"minecraft:furnace":2,"minecraft:potato":9,"minecraft:cobbled_deepslate":34,"minecraft:golden_axe":26,"minecraft:iron_leggings":1,"minecraft:golden_boots":1,"minecraft:oak_planks":4,"minecraft:stone_pickaxe":172,"minecraft:wooden_pickaxe":47,"minecraft:crafting_table":18,"minecraft:blast_furnace":1,"minecraft:white_bed":1,"minecraft:smoker":1,"minecraft:apple":4,"minecraft:bread":48,"minecraft:iron_pickaxe":182,"minecraft:cobblestone":27,"minecraft:cooked_porkchop":16,"minecraft:smithing_table":1,"minecraft:bucket":1,"minecraft:andesite":4,"minecraft:oak_boat":2,"minecraft:golden_pickaxe":67},"minecraft:picked_up":{"minecraft:iron_chestplate":1,"minecraft:crafting_table":14,"minecraft:wheat":2,"minecraft:rabbit_stew":3,"minecraft:golden_pickaxe":2,"minecraft:brown_mushroom":9,"minecraft:smithing_table":1,"minecraft:wooden_pickaxe":1,"minecraft:shield":1,"minecraft:soul_soil":13,"minecraft:string":7,"minecraft:iron_axe":2,"minecraft:iron_leggings":1,"minecraft:compass":3,"minecraft:gold_nugget":36,"minecraft:cobbled_deepslate":40,"minecraft:oak_boat":2,"minecraft:iron_nugget":2,"minecraft:iron_pickaxe":1,"minecraft:birch_sapling":3,"minecraft:phantom_membrane":2,"minecraft:iron_boots":2,"minecraft:diamond_hoe":2,"minecraft:furnace":2,"minecraft:stick":23,"minecraft:raw_iron":88,"minecraft:torch":24,"minecraft:porkchop":13,"minecraft:golden_axe":2,"minecraft:diorite":6,"minecraft:carrot":13,"minecraft:redstone":216,"minecraft:golden_chestplate":2,"minecraft:stone_shovel":2,"minecraft:arrow":40,"minecraft:rotten_flesh":14,"minecraft:nether_bricks":29,"minecraft:hay_block":34,"minecraft:snowball":44,"minecraft:blaze_rod":2,"minecraft:bone_block":23,"minecraft:obsidian":1,"minecraft:cobblestone":182,"minecraft:andesite":4,"minecraft:smoker":1,"minecraft:potato":2,"minecraft:flint":3,"minecraft:tuff":2,"minecraft:oak_log":106,"minecraft:golden_boots":1,"minecraft:lapis_lazuli":119,"minecraft:dirt":18,"minecraft:lantern":1,"minecraft:bone":51,"minecraft:apple":5,"minecraft:bow":3,"minecraft:wheat_seeds":3,"minecraft:raw_gold":22,"minecraft:iron_ingot":47,"minecraft:stone_pickaxe":1,"minecraft:glowstone_dust":78,"minecraft:soul_sand":60,"minecraft:iron_sword":1,"minecraft:oak_planks":51,"minecraft:cooked_porkchop":32,"minecraft:pumpkin":11,"minecraft:sweet_berries":35,"minecraft:spyglass":2,"minecraft:sand":6,"minecraft:amethyst_shard":8,"minecraft:blast_furnace":1,"minecraft:white_bed":1,"minecraft:spruce_log":8,"minecraft:diamond":14,"minecraft:iron_helmet":1,"minecraft:granite":10,"minecraft:bread":51,"minecraft:oak_sapling":15,"minecraft:netherrack":59,"minecraft:coal":151}},"DataVersion":3955}