{"stats":{"minecraft:killed":{"minecraft:pig":1,"minecraft:skeleton":1,"minecraft:zombie":2},"minecraft:custom":{"minecraft:interact_with_smithing_table":3,"minecraft:mob_kills":4,"minecraft:traded_with_villager":12,"minecraft:interact_with_crafting_table":12,"minecraft:leave_game":6,"minecraft:time_since_death":94066,"minecraft:sleep_in_bed":4,"minecraft:time_since_rest":50507,"minecraft:sprint_one_cm":192917,"minecraft:damage_taken":661,"minecraft:walk_one_cm":287388,"minecraft:damage_blocked_by_shield":75,"minecraft:damage_dealt":1012,"minecraft:swim_one_cm":17741,"minecraft:talked_to_villager":25,"minecraft:fly_one_cm":353946,"minecraft:open_chest":8,"minecraft:crouch_one_cm":662,"minecraft:play_time":94066,"minecraft:sneak_time":323,"minecraft:walk_under_water_one_cm":12907,"minecraft:interact_with_brewingstand":1,"minecraft:jump":1670,"minecraft:interact_with_blast_furnace":2,"minecraft:walk_on_water_one_cm":25560,"minecraft:interact_with_smoker":2,"minecraft:total_world_time":94066,"minecraft:fall_one_cm":38298},"minecraft:crafted":{"minecraft:oak_planks":248,"minecraft:stone_shovel":1,"minecraft:emerald":11,"minecraft:cooked_porkchop":3,"minecraft:crafting_table":3,"minecraft:wooden_pickaxe":1,"minecraft:furnace":1,"minecraft:bread":29,"minecraft:iron_chestplate":1,"minecraft:stick":372,"minecraft:stone_pickaxe":1,"minecraft:wooden_axe":1,"minecraft:stone_sword":1,"minecraft:torch":40,"minecraft:stone_hoe":1,"minecraft:wheat":216,"minecraft:smoker":1},"minecraft:mined":{"minecraft:smithing_table":1,"minecraft:white_bed":1,"minecraft:crafting_table":5,"minecraft:short_grass":3,"minecraft:tall_grass":1,"minecraft:oak_planks":3,"minecraft:hay_block":24,"minecraft:carrots":8,"minecraft:iron_ore":4,"minecraft:wheat":4,"minecraft:oak_log":82,"minecraft:coal_ore":55,"minecraft:stone":31,"minecraft:oak_leaves":45},"minecraft:used":{"minecraft:stone_sword":28,"minecraft:stone_shovel":16,"minecraft:stone_pickaxe":79,"minecraft:diamond_hoe":18,"minecraft:oak_planks":3,"minecraft:wooden_pickaxe":11,"minecraft:shield":3,"minecraft:stone_hoe":13,"minecraft:rotten_flesh":2,"minecraft:torch":4,"minecraft:spyglass":6,"minecraft:crafting_table":7,"minecraft:carrot":8,"minecraft:white_bed":1,"minecraft:granite":3,"minecraft:smoker":1,"minecraft:wooden_axe":14,"minecraft:apple":4,"minecraft:iron_axe":116,"minecraft:bread":7,"minecraft:iron_boots":1,"minecraft:oak_sapling":12,"minecraft:cooked_porkchop":3,"minecraft:smithing_table":1,"minecraft:potato":3,"minecraft:iron_leggings":1},"minecraft:picked_up":{"minecraft:crafting_table":5,"minecraft:rabbit_stew":2,"minecraft:smithing_table":1,"minecraft:potato":2,"minecraft:oak_log":78,"minecraft:shield":1,"minecraft:iron_axe":1,"minecraft:iron_leggings":1,"minecraft:bone":5,"minecraft:apple":5,"minecraft:bow":1,"minecraft:wheat_seeds":3,"minecraft:birch_sapling":3,"minecraft:oak_planks":3,"minecraft:diamond_hoe":1,"minecraft:iron_boots":1,"minecraft:raw_iron":4,"minecraft:stick":8,"minecraft:spyglass":1,"minecraft:porkchop":3,"minecraft:white_bed":1,"minecraft:carrot":13,"minecraft:arrow":3,"minecraft:rotten_flesh":2,"minecraft:hay_block":24,"minecraft:iron_helmet":1,"minecraft:granite":4,"minecraft:oak_sapling":15,"minecraft:coal":61,"minecraft:cobblestone":31}},"DataVersion":3955}