{"stats":{"minecraft:killed":{"minecraft:pig":1,"minecraft:skeleton":1,"minecraft:zombie":3},"minecraft:custom":{"minecraft:interact_with_smithing_table":3,"minecraft:interact_with_furnace":7,"minecraft:mob_kills":6,"minecraft:traded_with_villager":12,"minecraft:interact_with_crafting_table":26,"minecraft:leave_game":6,"minecraft:time_since_death":130066,"minecraft:sleep_in_bed":4,"minecraft:time_since_rest":86507,"minecraft:sprint_one_cm":242679,"minecraft:damage_taken":872,"minecraft:walk_one_cm":339133,"minecraft:damage_blocked_by_shield":209,"minecraft:drop":2,"minecraft:damage_dealt":1189,"minecraft:swim_one_cm":19089,"minecraft:talked_to_villager":25,"minecraft:fly_one_cm":442708,"minecraft:open_chest":11,"minecraft:crouch_one_cm":682,"minecraft:play_time":130066,"minecraft:sneak_time":326,"minecraft:walk_under_water_one_cm":16606,"minecraft:interact_with_brewingstand":1,"minecraft:jump":2206,"minecraft:interact_with_blast_furnace":8,"minecraft:walk_on_water_one_cm":44637,"minecraft:interact_with_smoker":2,"minecraft:total_world_time":130066,"minecraft:fall_one_cm":56374},"minecraft:crafted":{"minecraft:smooth_stone":3,"minecraft:oak_planks":248,"minecraft:stone_shovel":1,"minecraft:emerald":11,"minecraft:cooked_porkchop":3,"minecraft:crafting_table":3,"minecraft:wooden_pickaxe":1,"minecraft:iron_sword":2,"minecraft:furnace":3,"minecraft:blast_furnace":1,"minecraft:stone":3,"minecraft:bread":29,"minecraft:air":0,"minecraft:iron_chestplate":1,"minecraft:stick":384,"minecraft:iron_ingot":23,"minecraft:compass":2,"minecraft:iron_pickaxe":1,"minecraft:stone_pickaxe":1,"minecraft:wooden_axe":1,"minecraft:stone_sword":1,"minecraft:chest":1,"minecraft:torch":100,"minecraft:stone_hoe":1,"minecraft:wheat":216,"minecraft:smoker":2},"minecraft:dropped":{"minecraft:compass":1,"minecraft:stone_sword":1},"minecraft:mined":{"minecraft:smithing_table":1,"minecraft:deepslate_redstone_ore":24,"minecraft:large_amethyst_bud":1,"minecraft:tuff":1,"minecraft:white_bed":1,"minecraft:medium_amethyst_bud":4,"minecraft:deepslate_diamond_ore":13,"minecraft:amethyst_cluster":1,"minecraft:crafting_table":9,"minecraft:short_grass":3,"minecraft:blast_furnace":1,"minecraft:tall_grass":1,"minecraft:deepslate_gold_ore":22,"minecraft:oak_planks":3,"minecraft:hay_block":24,"minecraft:furnace":2,"minecraft:carrots":8,"minecraft:iron_ore":12,"minecraft:wheat":4,"minecraft:deepslate_lapis_ore":2,"minecraft:oak_log":82,"minecraft:coal_ore":58,"minecraft:deepslate_iron_ore":16,"minecraft:small_amethyst_bud":3,"minecraft:stone":36,"minecraft:oak_leaves":45,"minecraft:deepslate":35},"minecraft:used":{"minecraft:stone_sword":29,"minecraft:stone_shovel":16,"minecraft:stone_pickaxe":118,"minecraft:diamond_hoe":18,"minecraft:oak_planks":3,"minecraft:chest":1,"minecraft:wooden_pickaxe":11,"minecraft:shield":4,"minecraft:iron_sword":3,"minecraft:stone_hoe":13,"minecraft:rotten_flesh":2,"minecraft:torch":37,"minecraft:spyglass":6,"minecraft:crafting_table":11,"minecraft:blast_furnace":1,"minecraft:carrot":8,"minecraft:white_bed":1,"minecraft:granite":4,"minecraft:smoker":1,"minecraft:wooden_axe":14,"minecraft:apple":4,"minecraft:iron_axe":120,"minecraft:bread":15,"minecraft:iron_pickaxe":93,"minecraft:iron_boots":1,"minecraft:cobblestone":1,"minecraft:furnace":2,"minecraft:oak_sapling":12,"minecraft:cooked_porkchop":3,"minecraft:smithing_table":1,"minecraft:potato":3,"minecraft:iron_leggings":1},"minecraft:picked_up":{"minecraft:crafting_table":9,"minecraft:rabbit_stew":2,"minecraft:smithing_table":1,"minecraft:potato":2,"minecraft:tuff":2,"minecraft:oak_log":78,"minecraft:shield":1,"minecraft:lapis_lazuli":26,"minecraft:iron_axe":1,"minecraft:iron_leggings":1,"minecraft:bone":5,"minecraft:apple":5,"minecraft:bow":1,"minecraft:wheat_seeds":3,"minecraft:cobbled_deepslate":35,"minecraft:raw_gold":22,"minecraft:birch_sapling":3,"minecraft:oak_planks":3,"minecraft:diamond_hoe":1,"minecraft:iron_boots":1,"minecraft:furnace":2,"minecraft:raw_iron":26,"minecraft:stick":8,"minecraft:spyglass":1,"minecraft:porkchop":3,"minecraft:amethyst_shard":2,"minecraft:blast_furnace":1,"minecraft:white_bed":1,"minecraft:carrot":13,"minecraft:redstone":106,"minecraft:arrow":3,"minecraft:rotten_flesh":14,"minecraft:diamond":13,"minecraft:hay_block":24,"minecraft:iron_helmet":1,"minecraft:granite":4,"minecraft:oak_sapling":15,"minecraft:coal":145,"minecraft:cobblestone":36}},"DataVersion":3955}