{"stats":{"minecraft:killed":{"minecraft:skeleton":1,"minecraft:pig":1,"minecraft:zombie":1},"minecraft:custom":{"minecraft:time_since_rest":9006,"minecraft:interact_with_smithing_table":3,"minecraft:sprint_one_cm":102201,"minecraft:damage_taken":415,"minecraft:walk_one_cm":156307,"minecraft:mob_kills":3,"minecraft:damage_dealt":568,"minecraft:traded_with_villager":12,"minecraft:interact_with_crafting_table":9,"minecraft:swim_one_cm":14031,"minecraft:talked_to_villager":15,"minecraft:fly_one_cm":194886,"minecraft:open_chest":2,"minecraft:crouch_one_cm":413,"minecraft:play_time":52565,"minecraft:sneak_time":215,"minecraft:walk_under_water_one_cm":8535,"minecraft:jump":983,"minecraft:interact_with_blast_furnace":1,"minecraft:leave_game":5,"minecraft:walk_on_water_one_cm":19272,"minecraft:time_since_death":52565,"minecraft:interact_with_smoker":2,"minecraft:sleep_in_bed":4,"minecraft:total_world_time":52565,"minecraft:fall_one_cm":22306},"minecraft:crafted":{"minecraft:oak_planks":248,"minecraft:emerald":11,"minecraft:iron_chestplate":1,"minecraft:cooked_porkchop":3,"minecraft:crafting_table":1,"minecraft:stick":372,"minecraft:wooden_pickaxe":1,"minecraft:stone_pickaxe":1,"minecraft:wooden_axe":1,"minecraft:stone_sword":1,"minecraft:furnace":1,"minecraft:torch":40,"minecraft:smoker":1},"minecraft:mined":{"minecraft:smithing_table":1,"minecraft:white_bed":1,"minecraft:crafting_table":4,"minecraft:short_grass":3,"minecraft:coal_ore":20,"minecraft:oak_log":82,"minecraft:stone":21,"minecraft:oak_planks":3,"minecraft:oak_leaves":45},"minecraft:used":{"minecraft:wooden_axe":14,"minecraft:stone_sword":17,"minecraft:apple":4,"minecraft:iron_axe":115,"minecraft:bread":4,"minecraft:stone_pickaxe":30,"minecraft:oak_planks":3,"minecraft:wooden_pickaxe":11,"minecraft:rotten_flesh":2,"minecraft:torch":2,"minecraft:crafting_table":5,"minecraft:oak_sapling":12,"minecraft:cooked_porkchop":2,"minecraft:smithing_table":1,"minecraft:white_bed":1,"minecraft:potato":1,"minecraft:smoker":1},"minecraft:picked_up":{"minecraft:stick":8,"minecraft:crafting_table":4,"minecraft:smithing_table":1,"minecraft:porkchop":3,"minecraft:oak_log":78,"minecraft:white_bed":1,"minecraft:iron_axe":1,"minecraft:arrow":2,"minecraft:bone":1,"minecraft:rotten_flesh":2,"minecraft:apple":5,"minecraft:bow":1,"minecraft:granite":4,"minecraft:oak_sapling":15,"minecraft:birch_sapling":3,"minecraft:oak_planks":3,"minecraft:coal":20,"minecraft:cobblestone":21}},"DataVersion":3955}