{"stats":{"minecraft:killed":{"minecraft:spider":2,"minecraft:skeleton":4,"minecraft:magma_cube":6,"minecraft:piglin":1,"minecraft:pig":4,"minecraft:zombie":7,"minecraft:blaze":6},"minecraft:custom":{"minecraft:interact_with_smithing_table":3,"minecraft:interact_with_anvil":5,"minecraft:mob_kills":32,"minecraft:interact_with_crafting_table":47,"minecraft:leave_game":6,"minecraft:time_since_death":33583,"minecraft:sprint_one_cm":489731,"minecraft:walk_one_cm":554920,"minecraft:damage_blocked_by_shield":654,"minecraft:drop":17,"minecraft:talked_to_villager":27,"minecraft:play_time":256066,"minecraft:deaths":4,"minecraft:sneak_time":2358,"minecraft:walk_under_water_one_cm":91000,"minecraft:jump":4105,"minecraft:interact_with_brewingstand":1,"minecraft:interact_with_blast_furnace":13,"minecraft:walk_on_water_one_cm":114464,"minecraft:total_world_time":256066,"minecraft:interact_with_furnace":7,"minecraft:traded_with_villager":12,"minecraft:interact_with_cartography_table":1,"minecraft:sleep_in_bed":6,"minecraft:time_since_rest":30586,"minecraft:damage_taken":3292,"minecraft:damage_dealt":4876,"minecraft:swim_one_cm":91521,"minecraft:fly_one_cm":861204,"minecraft:open_chest":59,"minecraft:crouch_one_cm":6065,"minecraft:interact_with_smoker":2,"minecraft:fall_one_cm":105078},"minecraft:crafted":{"minecraft:oak_planks":360,"minecraft:smooth_stone":3,"minecraft:stone_shovel":1,"minecraft:spyglass":1,"minecraft:furnace":4,"minecraft:blast_furnace":1,"minecraft:stone":3,"minecraft:iron_axe":2,"minecraft:stone_pickaxe":2,"minecraft:chest":1,"minecraft:stone_hoe":1,"minecraft:golden_boots":1,"minecraft:smoker":2,"minecraft:wheat":306,"minecraft:emerald":11,"minecraft:cooked_porkchop":3,"minecraft:crafting_table":7,"minecraft:wooden_pickaxe":2,"minecraft:iron_helmet":2,"minecraft:iron_sword":4,"minecraft:bread":80,"minecraft:air":0,"minecraft:iron_chestplate":1,"minecraft:shield":2,"minecraft:stick":396,"minecraft:iron_ingot":72,"minecraft:compass":2,"minecraft:iron_pickaxe":3,"minecraft:wooden_axe":1,"minecraft:iron_block":3,"minecraft:stone_sword":2,"minecraft:gold_ingot":1,"minecraft:iron_leggings":1,"minecraft:anvil":1,"minecraft:torch":100},"minecraft:killed_by":{"minecraft:ghast":1,"minecraft:player":1},"minecraft:broken":{"minecraft:wooden_pickaxe":1},"minecraft:dropped":{"minecraft:iron_sword":1,"minecraft:golden_pickaxe":2,"minecraft:iron_helmet":1,"minecraft:granite":3,"minecraft:light_weighted_pressure_plate":1,"minecraft:sand":3,"minecraft:compass":2,"minecraft:iron_nugget":2,"minecraft:blaze_rod":2,"minecraft:stone_sword":2,"minecraft:bowl":2,"minecraft:stone_pickaxe":1,"minecraft:wooden_pickaxe":1},"minecraft:mined":{"minecraft:nether_gold_ore":7,"minecraft:large_amethyst_bud":1,"minecraft:tuff":1,"minecraft:white_bed":1,"minecraft:deepslate_diamond_ore":14,"minecraft:nether_bricks":28,"minecraft:granite":3,"minecraft:grass_block":3,"minecraft:soul_soil":2,"minecraft:hay_block":34,"minecraft:glowstone":25,"minecraft:furnace":2,"minecraft:carrots":8,"minecraft:iron_ore":12,"minecraft:cobbled_deepslate":2,"minecraft:fire":11,"minecraft:andesite":4,"minecraft:deepslate_lapis_ore":2,"minecraft:nether_brick_stairs":4,"minecraft:deepslate_iron_ore":18,"minecraft:small_amethyst_bud":3,"minecraft:stone":121,"minecraft:bone_block":23,"minecraft:smithing_table":1,"minecraft:deepslate_redstone_ore":24,"minecraft:brown_mushroom":9,"minecraft:soul_sand":47,"minecraft:medium_amethyst_bud":4,"minecraft:soul_fire":1,"minecraft:amethyst_cluster":1,"minecraft:crafting_table":14,"minecraft:short_grass":6,"minecraft:blast_furnace":1,"minecraft:tall_grass":1,"minecraft:deepslate_gold_ore":22,"minecraft:oak_planks":4,"minecraft:diorite":4,"minecraft:wheat":4,"minecraft:coal_ore":61,"minecraft:oak_log":113,"minecraft:sand":8,"minecraft:dirt":10,"minecraft:netherrack":39,"minecraft:oak_leaves":49,"minecraft:deepslate":35},"minecraft:used":{"minecraft:stone_sword":36,"minecraft:stone_shovel":66,"minecraft:diamond_hoe":27,"minecraft:chest":1,"minecraft:shield":15,"minecraft:iron_sword":72,"minecraft:stone_hoe":13,"minecraft:rotten_flesh":2,"minecraft:netherrack":24,"minecraft:torch":42,"minecraft:dirt":13,"minecraft:spyglass":9,"minecraft:anvil":1,"minecraft:nether_bricks":19,"minecraft:carrot":8,"minecraft:golden_chestplate":1,"minecraft:granite":4,"minecraft:wooden_axe":14,"minecraft:lantern":1,"minecraft:iron_axe":154,"minecraft:iron_helmet":1,"minecraft:iron_boots":1,"minecraft:rabbit_stew":2,"minecraft:oak_sapling":12,"minecraft:furnace":2,"minecraft:potato":9,"minecraft:cobbled_deepslate":34,"minecraft:golden_axe":26,"minecraft:iron_leggings":1,"minecraft:golden_boots":1,"minecraft:oak_planks":4,"minecraft:stone_pickaxe":172,"minecraft:wooden_pickaxe":47,"minecraft:crafting_table":18,"minecraft:blast_furnace":1,"minecraft:white_bed":1,"minecraft:smoker":1,"minecraft:apple":4,"minecraft:bread":35,"minecraft:iron_pickaxe":178,"minecraft:cobblestone":21,"minecraft:cooked_porkchop":11,"minecraft:smithing_table":1,"minecraft:bucket":1,"minecraft:andesite":4,"minecraft:golden_pickaxe":66},"minecraft:picked_up":{"minecraft:iron_chestplate":1,"minecraft:crafting_table":14,"minecraft:wheat":2,"minecraft:rabbit_stew":3,"minecraft:golden_pickaxe":2,"minecraft:brown_mushroom":9,"minecraft:smithing_table":1,"minecraft:wooden_pickaxe":1,"minecraft:shield":1,"minecraft:soul_soil":13,"minecraft:string":7,"minecraft:iron_axe":2,"minecraft:iron_leggings":1,"minecraft:compass":1,"minecraft:gold_nugget":36,"minecraft:cobbled_deepslate":40,"minecraft:iron_nugget":2,"minecraft:iron_pickaxe":1,"minecraft:birch_sapling":3,"minecraft:iron_boots":2,"minecraft:diamond_hoe":2,"minecraft:furnace":2,"minecraft:stick":16,"minecraft:raw_iron":88,"minecraft:torch":24,"minecraft:porkchop":10,"minecraft:golden_axe":2,"minecraft:diorite":6,"minecraft:carrot":13,"minecraft:redstone":216,"minecraft:golden_chestplate":2,"minecraft:stone_shovel":1,"minecraft:arrow":40,"minecraft:rotten_flesh":14,"minecraft:nether_bricks":28,"minecraft:hay_block":34,"minecraft:blaze_rod":2,"minecraft:bone_block":23,"minecraft:obsidian":1,"minecraft:cobblestone":179,"minecraft:andesite":4,"minecraft:potato":2,"minecraft:flint":3,"minecraft:tuff":2,"minecraft:oak_log":106,"minecraft:golden_boots":1,"minecraft:lapis_lazuli":119,"minecraft:dirt":17,"minecraft:lantern":1,"minecraft:bone":29,"minecraft:apple":5,"minecraft:bow":3,"minecraft:wheat_seeds":3,"minecraft:raw_gold":22,"minecraft:iron_ingot":47,"minecraft:stone_pickaxe":1,"minecraft:glowstone_dust":78,"minecraft:soul_sand":47,"minecraft:iron_sword":1,"minecraft:oak_planks":51,"minecraft:cooked_porkchop":32,"minecraft:spyglass":2,"minecraft:sand":6,"minecraft:amethyst_shard":8,"minecraft:blast_furnace":1,"minecraft:white_bed":1,"minecraft:diamond":14,"minecraft:iron_helmet":1,"minecraft:granite":10,"minecraft:bread":16,"minecraft:oak_sapling":15,"minecraft:netherrack":25,"minecraft:coal":151}},"DataVersion":3955}