{"stats":{"minecraft:picked_up":{"minecraft:crafting_table":2,"minecraft:smithing_table":1,"minecraft:oak_log":6,"minecraft:oak_sapling":1,"minecraft:cobblestone":7},"minecraft:used":{"minecraft:wooden_axe":2,"minecraft:crafting_table":2,"minecraft:bread":3,"minecraft:smithing_table":1,"minecraft:wooden_pickaxe":7},"minecraft:mined":{"minecraft:smithing_table":1,"minecraft:short_grass":3,"minecraft:oak_log":6,"minecraft:stone":7,"minecraft:crafting_table":2},"minecraft:custom":{"minecraft:open_chest":2,"minecraft:time_since_rest":1169,"minecraft:interact_with_smithing_table":3,"minecraft:crouch_one_cm":261,"minecraft:play_time":9000,"minecraft:sprint_one_cm":22012,"minecraft:damage_taken":140,"minecraft:walk_one_cm":17430,"minecraft:sneak_time":154,"minecraft:walk_under_water_one_cm":1575,"minecraft:jump":172,"minecraft:leave_game":3,"minecraft:walk_on_water_one_cm":4529,"minecraft:time_since_death":9000,"minecraft:sleep_in_bed":1,"minecraft:total_world_time":9000,"minecraft:swim_one_cm":2108,"minecraft:interact_with_crafting_table":2,"minecraft:fall_one_cm":7169,"minecraft:fly_one_cm":35658},"minecraft:crafted":{"minecraft:oak_planks":24,"minecraft:crafting_table":1,"minecraft:stick":4,"minecraft:wooden_pickaxe":1,"minecraft:wooden_axe":1}},"DataVersion":3955}