{"stats":{"minecraft:killed":{"minecraft:spider":2,"minecraft:skeleton":2,"minecraft:pig":4,"minecraft:zombie":7},"minecraft:custom":{"minecraft:interact_with_smithing_table":3,"minecraft:interact_with_anvil":3,"minecraft:mob_kills":17,"minecraft:interact_with_crafting_table":42,"minecraft:leave_game":6,"minecraft:time_since_death":33749,"minecraft:sprint_one_cm":401138,"minecraft:walk_one_cm":433965,"minecraft:damage_blocked_by_shield":209,"minecraft:drop":13,"minecraft:talked_to_villager":27,"minecraft:play_time":208066,"minecraft:deaths":3,"minecraft:sneak_time":897,"minecraft:walk_under_water_one_cm":90775,"minecraft:jump":3547,"minecraft:interact_with_brewingstand":1,"minecraft:interact_with_blast_furnace":13,"minecraft:walk_on_water_one_cm":112512,"minecraft:total_world_time":208066,"minecraft:interact_with_furnace":7,"minecraft:traded_with_villager":12,"minecraft:interact_with_cartography_table":1,"minecraft:sleep_in_bed":5,"minecraft:time_since_rest":25816,"minecraft:damage_taken":2199,"minecraft:damage_dealt":2832,"minecraft:swim_one_cm":78488,"minecraft:fly_one_cm":762941,"minecraft:open_chest":49,"minecraft:crouch_one_cm":723,"minecraft:interact_with_smoker":2,"minecraft:fall_one_cm":94220},"minecraft:crafted":{"minecraft:oak_planks":360,"minecraft:smooth_stone":3,"minecraft:stone_shovel":1,"minecraft:spyglass":1,"minecraft:furnace":4,"minecraft:blast_furnace":1,"minecraft:stone":3,"minecraft:iron_axe":1,"minecraft:stone_pickaxe":2,"minecraft:chest":1,"minecraft:stone_hoe":1,"minecraft:smoker":2,"minecraft:wheat":306,"minecraft:emerald":11,"minecraft:cooked_porkchop":3,"minecraft:crafting_table":6,"minecraft:wooden_pickaxe":2,"minecraft:iron_helmet":2,"minecraft:iron_sword":3,"minecraft:bread":80,"minecraft:air":0,"minecraft:iron_chestplate":1,"minecraft:shield":1,"minecraft:stick":388,"minecraft:iron_ingot":72,"minecraft:compass":2,"minecraft:iron_pickaxe":2,"minecraft:wooden_axe":1,"minecraft:iron_block":3,"minecraft:stone_sword":2,"minecraft:iron_leggings":1,"minecraft:anvil":1,"minecraft:torch":100},"minecraft:killed_by":{"minecraft:player":1},"minecraft:broken":{"minecraft:wooden_pickaxe":1},"minecraft:dropped":{"minecraft:iron_sword":1,"minecraft:iron_helmet":1,"minecraft:granite":3,"minecraft:light_weighted_pressure_plate":1,"minecraft:sand":3,"minecraft:compass":2,"minecraft:iron_nugget":2,"minecraft:stone_sword":2,"minecraft:bowl":2,"minecraft:stone_pickaxe":1,"minecraft:wooden_pickaxe":1},"minecraft:mined":{"minecraft:large_amethyst_bud":1,"minecraft:tuff":1,"minecraft:white_bed":1,"minecraft:deepslate_diamond_ore":14,"minecraft:granite":3,"minecraft:grass_block":3,"minecraft:hay_block":34,"minecraft:furnace":2,"minecraft:carrots":8,"minecraft:iron_ore":12,"minecraft:cobbled_deepslate":2,"minecraft:fire":1,"minecraft:andesite":4,"minecraft:deepslate_lapis_ore":2,"minecraft:deepslate_iron_ore":18,"minecraft:small_amethyst_bud":3,"minecraft:stone":121,"minecraft:smithing_table":1,"minecraft:deepslate_redstone_ore":24,"minecraft:medium_amethyst_bud":4,"minecraft:amethyst_cluster":1,"minecraft:crafting_table":11,"minecraft:short_grass":6,"minecraft:blast_furnace":1,"minecraft:tall_grass":1,"minecraft:deepslate_gold_ore":22,"minecraft:oak_planks":4,"minecraft:diorite":4,"minecraft:wheat":4,"minecraft:coal_ore":61,"minecraft:oak_log":113,"minecraft:sand":8,"minecraft:dirt":10,"minecraft:oak_leaves":49,"minecraft:deepslate":35},"minecraft:used":{"minecraft:stone_sword":36,"minecraft:stone_shovel":16,"minecraft:diamond_hoe":27,"minecraft:chest":1,"minecraft:shield":4,"minecraft:iron_sword":25,"minecraft:stone_hoe":13,"minecraft:rotten_flesh":2,"minecraft:torch":41,"minecraft:dirt":13,"minecraft:spyglass":6,"minecraft:anvil":1,"minecraft:carrot":8,"minecraft:golden_chestplate":1,"minecraft:granite":4,"minecraft:wooden_axe":14,"minecraft:lantern":1,"minecraft:iron_axe":149,"minecraft:iron_helmet":1,"minecraft:iron_boots":1,"minecraft:rabbit_stew":2,"minecraft:oak_sapling":12,"minecraft:furnace":2,"minecraft:potato":9,"minecraft:golden_axe":26,"minecraft:iron_leggings":1,"minecraft:golden_boots":1,"minecraft:oak_planks":4,"minecraft:stone_pickaxe":172,"minecraft:wooden_pickaxe":47,"minecraft:crafting_table":15,"minecraft:blast_furnace":1,"minecraft:white_bed":1,"minecraft:smoker":1,"minecraft:apple":4,"minecraft:bread":30,"minecraft:iron_pickaxe":97,"minecraft:cobblestone":21,"minecraft:cooked_porkchop":3,"minecraft:smithing_table":1,"minecraft:bucket":1,"minecraft:andesite":4,"minecraft:golden_pickaxe":19},"minecraft:picked_up":{"minecraft:iron_chestplate":1,"minecraft:crafting_table":11,"minecraft:wheat":2,"minecraft:rabbit_stew":3,"minecraft:golden_pickaxe":1,"minecraft:smithing_table":1,"minecraft:wooden_pickaxe":1,"minecraft:shield":1,"minecraft:string":7,"minecraft:iron_axe":2,"minecraft:iron_leggings":1,"minecraft:compass":1,"minecraft:cobbled_deepslate":40,"minecraft:iron_nugget":2,"minecraft:iron_pickaxe":1,"minecraft:birch_sapling":3,"minecraft:iron_boots":2,"minecraft:diamond_hoe":2,"minecraft:furnace":2,"minecraft:stick":16,"minecraft:raw_iron":88,"minecraft:torch":23,"minecraft:porkchop":10,"minecraft:golden_axe":2,"minecraft:diorite":6,"minecraft:carrot":13,"minecraft:redstone":216,"minecraft:golden_chestplate":2,"minecraft:stone_shovel":1,"minecraft:arrow":40,"minecraft:rotten_flesh":14,"minecraft:hay_block":34,"minecraft:cobblestone":179,"minecraft:andesite":4,"minecraft:potato":2,"minecraft:flint":3,"minecraft:tuff":2,"minecraft:oak_log":106,"minecraft:golden_boots":1,"minecraft:lapis_lazuli":119,"minecraft:dirt":17,"minecraft:lantern":1,"minecraft:bone":24,"minecraft:apple":5,"minecraft:bow":3,"minecraft:wheat_seeds":3,"minecraft:raw_gold":22,"minecraft:iron_ingot":47,"minecraft:stone_pickaxe":1,"minecraft:iron_sword":1,"minecraft:oak_planks":51,"minecraft:spyglass":1,"minecraft:sand":6,"minecraft:amethyst_shard":8,"minecraft:blast_furnace":1,"minecraft:white_bed":1,"minecraft:diamond":14,"minecraft:iron_helmet":1,"minecraft:granite":10,"minecraft:bread":16,"minecraft:oak_sapling":15,"minecraft:coal":151}},"DataVersion":3955}