{"stats":{"minecraft:custom":{"minecraft:open_chest":2,"minecraft:time_since_rest":2514,"minecraft:interact_with_smithing_table":3,"minecraft:crouch_one_cm":339,"minecraft:play_time":14940,"minecraft:sprint_one_cm":44253,"minecraft:damage_taken":200,"minecraft:walk_one_cm":25123,"minecraft:sneak_time":176,"minecraft:walk_under_water_one_cm":1575,"minecraft:jump":328,"minecraft:interact_with_blast_furnace":1,"minecraft:damage_dealt":69,"minecraft:leave_game":3,"minecraft:walk_on_water_one_cm":4771,"minecraft:time_since_death":14940,"minecraft:sleep_in_bed":2,"minecraft:total_world_time":14940,"minecraft:talked_to_villager":4,"minecraft:interact_with_crafting_table":2,"minecraft:swim_one_cm":2108,"minecraft:fall_one_cm":11119,"minecraft:fly_one_cm":74521},"minecraft:crafted":{"minecraft:oak_planks":24,"minecraft:crafting_table":1,"minecraft:stick":4,"minecraft:wooden_pickaxe":1,"minecraft:wooden_axe":1},"minecraft:mined":{"minecraft:smithing_table":1,"minecraft:short_grass":3,"minecraft:oak_log":6,"minecraft:white_bed":1,"minecraft:stone":7,"minecraft:crafting_table":2},"minecraft:used":{"minecraft:wooden_axe":3,"minecraft:crafting_table":2,"minecraft:bread":4,"minecraft:smithing_table":1,"minecraft:white_bed":1,"minecraft:wooden_pickaxe":7},"minecraft:picked_up":{"minecraft:crafting_table":2,"minecraft:smithing_table":1,"minecraft:oak_log":6,"minecraft:white_bed":1,"minecraft:oak_sapling":1,"minecraft:cobblestone":7}},"DataVersion":3955}