{"stats":{"minecraft:killed":{"minecraft:pig":1,"minecraft:spider":2,"minecraft:skeleton":2,"minecraft:zombie":7},"minecraft:custom":{"minecraft:interact_with_smithing_table":3,"minecraft:interact_with_furnace":7,"minecraft:mob_kills":14,"minecraft:traded_with_villager":12,"minecraft:interact_with_crafting_table":29,"minecraft:leave_game":6,"minecraft:time_since_death":10120,"minecraft:sleep_in_bed":4,"minecraft:time_since_rest":10155,"minecraft:sprint_one_cm":340416,"minecraft:damage_taken":1969,"minecraft:walk_one_cm":397784,"minecraft:damage_blocked_by_shield":209,"minecraft:drop":5,"minecraft:damage_dealt":2532,"minecraft:swim_one_cm":32709,"minecraft:talked_to_villager":25,"minecraft:fly_one_cm":621090,"minecraft:open_chest":27,"minecraft:crouch_one_cm":690,"minecraft:play_time":166066,"minecraft:deaths":2,"minecraft:sneak_time":378,"minecraft:walk_under_water_one_cm":39989,"minecraft:interact_with_brewingstand":1,"minecraft:jump":3083,"minecraft:interact_with_blast_furnace":8,"minecraft:walk_on_water_one_cm":87048,"minecraft:interact_with_smoker":2,"minecraft:total_world_time":166066,"minecraft:fall_one_cm":83298},"minecraft:crafted":{"minecraft:smooth_stone":3,"minecraft:oak_planks":272,"minecraft:stone_shovel":1,"minecraft:emerald":11,"minecraft:cooked_porkchop":3,"minecraft:crafting_table":4,"minecraft:wooden_pickaxe":2,"minecraft:iron_sword":2,"minecraft:furnace":3,"minecraft:blast_furnace":1,"minecraft:stone":3,"minecraft:bread":29,"minecraft:air":0,"minecraft:iron_chestplate":1,"minecraft:stick":388,"minecraft:iron_ingot":25,"minecraft:compass":2,"minecraft:iron_pickaxe":1,"minecraft:stone_pickaxe":1,"minecraft:wooden_axe":1,"minecraft:stone_sword":1,"minecraft:chest":1,"minecraft:torch":100,"minecraft:stone_hoe":1,"minecraft:wheat":216,"minecraft:smoker":2},"minecraft:killed_by":{"minecraft:player":1},"minecraft:broken":{"minecraft:wooden_pickaxe":1},"minecraft:dropped":{"minecraft:compass":2,"minecraft:bowl":2,"minecraft:stone_sword":1,"minecraft:light_weighted_pressure_plate":1},"minecraft:mined":{"minecraft:smithing_table":1,"minecraft:deepslate_redstone_ore":24,"minecraft:large_amethyst_bud":1,"minecraft:tuff":1,"minecraft:white_bed":1,"minecraft:medium_amethyst_bud":4,"minecraft:deepslate_diamond_ore":14,"minecraft:amethyst_cluster":1,"minecraft:crafting_table":9,"minecraft:short_grass":3,"minecraft:blast_furnace":1,"minecraft:grass_block":2,"minecraft:tall_grass":1,"minecraft:deepslate_gold_ore":22,"minecraft:oak_planks":4,"minecraft:diorite":1,"minecraft:hay_block":24,"minecraft:fire":1,"minecraft:furnace":2,"minecraft:carrots":8,"minecraft:cobbled_deepslate":2,"minecraft:iron_ore":12,"minecraft:wheat":4,"minecraft:andesite":4,"minecraft:deepslate_lapis_ore":2,"minecraft:oak_log":89,"minecraft:coal_ore":58,"minecraft:deepslate_iron_ore":18,"minecraft:small_amethyst_bud":3,"minecraft:dirt":7,"minecraft:sand":5,"minecraft:stone":72,"minecraft:oak_leaves":45,"minecraft:deepslate":35},"minecraft:used":{"minecraft:golden_boots":1,"minecraft:stone_sword":29,"minecraft:stone_shovel":16,"minecraft:stone_pickaxe":118,"minecraft:diamond_hoe":18,"minecraft:oak_planks":4,"minecraft:chest":1,"minecraft:wooden_pickaxe":43,"minecraft:shield":4,"minecraft:iron_sword":25,"minecraft:stone_hoe":13,"minecraft:rotten_flesh":2,"minecraft:torch":41,"minecraft:dirt":8,"minecraft:spyglass":6,"minecraft:crafting_table":12,"minecraft:blast_furnace":1,"minecraft:carrot":8,"minecraft:white_bed":1,"minecraft:golden_chestplate":1,"minecraft:granite":4,"minecraft:smoker":1,"minecraft:wooden_axe":14,"minecraft:apple":4,"minecraft:lantern":1,"minecraft:iron_axe":120,"minecraft:bread":23,"minecraft:iron_pickaxe":97,"minecraft:iron_boots":1,"minecraft:rabbit_stew":2,"minecraft:cobblestone":21,"minecraft:furnace":2,"minecraft:oak_sapling":12,"minecraft:cooked_porkchop":3,"minecraft:smithing_table":1,"minecraft:andesite":4,"minecraft:potato":3,"minecraft:golden_axe":14,"minecraft:golden_pickaxe":19,"minecraft:iron_leggings":1},"minecraft:picked_up":{"minecraft:crafting_table":9,"minecraft:andesite":4,"minecraft:rabbit_stew":2,"minecraft:smithing_table":1,"minecraft:potato":2,"minecraft:flint":3,"minecraft:tuff":2,"minecraft:oak_log":84,"minecraft:shield":1,"minecraft:lapis_lazuli":26,"minecraft:dirt":9,"minecraft:lantern":1,"minecraft:iron_axe":2,"minecraft:iron_leggings":1,"minecraft:bone":9,"minecraft:apple":5,"minecraft:bow":2,"minecraft:wheat_seeds":3,"minecraft:cobbled_deepslate":40,"minecraft:raw_gold":22,"minecraft:iron_pickaxe":1,"minecraft:birch_sapling":3,"minecraft:oak_planks":4,"minecraft:diamond_hoe":1,"minecraft:iron_boots":1,"minecraft:furnace":2,"minecraft:raw_iron":30,"minecraft:stick":8,"minecraft:torch":23,"minecraft:spyglass":1,"minecraft:sand":3,"minecraft:porkchop":3,"minecraft:amethyst_shard":2,"minecraft:blast_furnace":1,"minecraft:white_bed":1,"minecraft:carrot":13,"minecraft:redstone":106,"minecraft:arrow":40,"minecraft:rotten_flesh":14,"minecraft:diamond":14,"minecraft:hay_block":24,"minecraft:iron_helmet":1,"minecraft:granite":4,"minecraft:bread":13,"minecraft:oak_sapling":15,"minecraft:coal":145,"minecraft:cobblestone":72}},"DataVersion":3955}